REVIEW_ONLY,Record,Manufacturer part,Value,Quantity,References,Package,JLC/LCSC,Procurement state,Footprint candidate
NOT_FOR_ORDER,jack,PJ-313 5JCJ,PJ-313 5JCJ,10,J1 J2 J3 J4 J5 J6 J7 J8 J9 J10,"Jack axis parallel to PCB; rear/edge/raised patch strip layout, not Thonkiconn footprint. Two locating posts. Exact manufacturer page1 schematic visually checked: ONLY THREE electrical contact nodes; five legs include duplicated contacts and DO NOT imply normally closed switching contacts. Non-threaded5mm OD nose with3.6mm nominal opening in drawing;3.5mm audiojack class.",C668607,EXACT_MPN_REVIEW,
NOT_FOR_ORDER,r1m,UNSELECTED,1M,10,R101 R201 R301 R401 R501 R601 R701 R801 R901 R1001,0603,,RFQ_REQUIRED,Resistor_SMD:R_0603_1608Metric
NOT_FOR_ORDER,r200k,UNSELECTED,200k,10,R102 R202 R302 R402 R502 R602 R702 R802 R902 R1002,0603,,RFQ_REQUIRED,Resistor_SMD:R_0603_1608Metric
NOT_FOR_ORDER,r249k,UNSELECTED,249k,10,R103 R203 R303 R403 R503 R603 R703 R803 R903 R1003,0603,,RFQ_REQUIRED,Resistor_SMD:R_0603_1608Metric
NOT_FOR_ORDER,c470p,UNSELECTED,470pF,10,C101 C201 C301 C401 C501 C601 C701 C801 C901 C1001,0603,,RFQ_REQUIRED,Capacitor_SMD:C_0603_1608Metric
NOT_FOR_ORDER,clamp,"BAV199,215","BAV199,215",10,D1 D2 D3 D4 D5 D6 D7 D8 D9 D10,SOT-23,C40919,EXACT_MPN_REVIEW,Package_TO_SOT_SMD:SOT-23
NOT_FOR_ORDER,r4k7,UNSELECTED,4.7k,10,R104 R204 R304 R404 R504 R604 R704 R804 R904 R1004,0603,,RFQ_REQUIRED,Resistor_SMD:R_0603_1608Metric
NOT_FOR_ORDER,c10n,UNSELECTED,10nF,10,C102 C202 C302 C402 C502 C602 C702 C802 C902 C1002,0603,,RFQ_REQUIRED,Capacitor_SMD:C_0603_1608Metric
NOT_FOR_ORDER,testpoint,UNSELECTED,testpoint,21,TP1 TP2 TP3 TP4 TP5 TP6 TP7 TP8 TP9 TP10 TP20 TP21 TP22 TP30 TP40 TP41 TP42 TP43 TP44 TP45 TP46,Exposed pad,,RFQ_REQUIRED,TestPoint:TestPoint_Pad_D1.0mm
NOT_FOR_ORDER,tlv9064,TLV9064IDR,TLV9064IDR,6,U1 U2 U3 U4 U5 U6,SOIC-14,C388176,EXACT_MPN_REVIEW,Package_SO:SOIC-14_3.9x8.7mm_P1.27mm
NOT_FOR_ORDER,c100n,UNSELECTED,100nF,32,C1 C2 C3 C4 C5 C1111 C1112 C1121 C1122 C1131 C1132 C1141 C1142 C1151 C1152 C1161 C1162 C1171 C1172 C1181 C1182 C1191 C1192 C1201 C1202 C51 C52 C7 C8 C9 C6 C33,0603,,RFQ_REQUIRED,Capacitor_SMD:C_0603_1608Metric
NOT_FOR_ORDER,pot,RK09L1140A5L,RK09L1140A5L,10,RV1 RV2 RV3 RV4 RV5 RV6 RV7 RV8 RV9 RV10,15 mm flat shaft; threaded bushing; top access,C7419101,EXACT_MPN_REVIEW,
NOT_FOR_ORDER,r1k,UNSELECTED,1k,21,R1111 R1112 R1121 R1122 R1131 R1132 R1141 R1142 R1151 R1152 R1161 R1162 R1171 R1172 R1181 R1182 R1191 R1192 R1201 R1202 R30,0603,,RFQ_REQUIRED,Resistor_SMD:R_0603_1608Metric
NOT_FOR_ORDER,range,SS14MDP2,SS14MDP2,10,SW1 SW2 SW3 SW4 SW5 SW6 SW7 SW8 SW9 SW10,Through-hole SP3T,C6684954,EXACT_MPN_REVIEW,
NOT_FOR_ORDER,r10k,UNSELECTED,10k,4,R40 R41 R51 R52,0603,,RFQ_REQUIRED,Resistor_SMD:R_0603_1608Metric
NOT_FOR_ORDER,button,TS-1088-AR02016,TS-1088-AR02016,2,SW11 SW12,Vertical/top push; round black actuator; no bracket;1.6N operating force. Tiny switch is not a velocity-sensitive pad or an adequately sized finger key on its own.,C720477,EXACT_MPN_REVIEW,ZudoScope10:SW_XUNPU_TS1088_AR02016_REVIEW
NOT_FOR_ORDER,mux,"74HC4067PW,118","74HC4067PW,118",3,U7 U8 U9,TSSOP-24,C179326,EXACT_MPN_REVIEW,Package_SO:TSSOP-24_4.4x7.8mm_P0.65mm
NOT_FOR_ORDER,r100,UNSELECTED,100,3,R20 R21 R22,0603,,RFQ_REQUIRED,Resistor_SMD:R_0603_1608Metric
NOT_FOR_ORDER,c1n,UNSELECTED,1nF,3,C20 C21 C22,0603,,RFQ_REQUIRED,Capacitor_SMD:C_0603_1608Metric
NOT_FOR_ORDER,socket20,UNSELECTED,socket20,2,J20 J21,2.54 mm; height TBD,,RFQ_REQUIRED,Connector_PinSocket_2.54mm:PinSocket_1x20_P2.54mm_Vertical
NOT_FOR_ORDER,header20,UNSELECTED,header20,2,J30 J31,2.54 mm; height TBD,,RFQ_REQUIRED,Connector_PinHeader_2.54mm:PinHeader_1x20_P2.54mm_Vertical
NOT_FOR_ORDER,r33,UNSELECTED,33,10,R60 R61 R62 R63 R64 R65 R66 R67 R68 R69,0603,,RFQ_REQUIRED,Resistor_SMD:R_0603_1608Metric
NOT_FOR_ORDER,r100k,UNSELECTED,100k,9,R80 R81 R82 R83 R84 R85 R86 R87 R88,0603,,RFQ_REQUIRED,Resistor_SMD:R_0603_1608Metric
NOT_FOR_ORDER,fuse,UNSELECTED,fuse,1,F1,1206 PPTC candidate,,RFQ_REQUIRED,
NOT_FOR_ORDER,ldo,TLV75533PDBVR,TLV75533PDBVR,1,U10,SOT-23-5,C404027,EXACT_MPN_REVIEW,Package_TO_SOT_SMD:SOT-23-5
NOT_FOR_ORDER,ref,REF3330AIDBZR,REF3330AIDBZR,1,U11,SOT-23-3,,EXACT_MPN_REVIEW,Package_TO_SOT_SMD:SOT-23
NOT_FOR_ORDER,c1u,UNSELECTED,1uF,3,C30 C31 C32,0805,,RFQ_REQUIRED,Capacitor_SMD:C_0805_2012Metric
NOT_FOR_ORDER,pico-h,Raspberry Pi Pico H,,1,EXTERNAL,51 x 21 mm board,,BUY_PREASSEMBLED,
NOT_FOR_ORDER,display,Pico-ResTouch-LCD-3.5 (SKU 19907),,1,EXTERNAL,86 x 57.2 mm board,,BUY_PREASSEMBLED,
