Hz,gain,dB,source
1.0,0.9999999129319392,-7.562635996953039e-07,CALCULATED_IDEAL_NOT_MEASURED
1.052500285277733,0.99999990354976,-8.377561807527522e-07,CALCULATED_IDEAL_NOT_MEASURED
1.107756850509709,0.9999998931565871,-9.280301425353767e-07,CALCULATED_IDEAL_NOT_MEASURED
1.1659144011798317,0.9999998816434787,-1.028031742363078e-06,CALCULATED_IDEAL_NOT_MEASURED
1.22712523985119,0.9999998688897546,-1.138809196950735e-06,CALCULATED_IDEAL_NOT_MEASURED
1.2915496650148839,0.9999998547617293,-1.2615236825115146e-06,CALCULATED_IDEAL_NOT_MEASURED
1.3593563908785256,0.9999998391113131,-1.3974614910933324e-06,CALCULATED_IDEAL_NOT_MEASURED
1.4307229891937576,0.9999998217744583,-1.5480475234787313e-06,CALCULATED_IDEAL_NOT_MEASURED
1.5058363542798405,0.9999998025694389,-1.7148602343687279e-06,CALCULATED_IDEAL_NOT_MEASURED
1.5848931924611136,0.9999997812949483,-1.8996481503931058e-06,CALCULATED_IDEAL_NOT_MEASURED
1.6681005372000588,0.9999997577279863,-2.1043482280677694e-06,CALCULATED_IDEAL_NOT_MEASURED
1.7556762912750012,0.9999997316215242,-2.3311061346336383e-06,CALCULATED_IDEAL_NOT_MEASURED
1.847849797422291,0.9999997027019134,-2.5822987536144376e-06,CALCULATED_IDEAL_NOT_MEASURED
1.944862438937362,0.9999996706660185,-2.860559088675837e-06,CALCULATED_IDEAL_NOT_MEASURED
2.046968271807521,0.9999996351780388,-3.168803870517719e-06,CALCULATED_IDEAL_NOT_MEASURED
2.154434690031884,0.999999595865989,-3.510264128137591e-06,CALCULATED_IDEAL_NOT_MEASURED
2.2675431258708016,0.9999995523178001,-3.888519051378634e-06,CALCULATED_IDEAL_NOT_MEASURED
2.386589786858581,0.9999995040770003,-4.3075335121791045e-06,CALCULATED_IDEAL_NOT_MEASURED
2.51188643150958,0.9999994506379293,-4.771699628335168e-06,CALCULATED_IDEAL_NOT_MEASURED
2.6437611857490997,0.9999993914404388,-5.2858827950575474e-06,CALCULATED_IDEAL_NOT_MEASURED
2.7825594022071245,0.9999993258640211,-5.855472687715601e-06,CALCULATED_IDEAL_NOT_MEASURED
2.9286445646252366,0.9999992532213057,-6.486439744951775e-06,CALCULATED_IDEAL_NOT_MEASURED
3.082399239745143,0.9999991727508521,-7.185397773466294e-06,CALCULATED_IDEAL_NOT_MEASURED
3.24422607917163,0.999999083609171,-7.959673253095714e-06,CALCULATED_IDEAL_NOT_MEASURED
3.4145488738336014,0.9999989848618815,-8.81738213971744e-06,CALCULATED_IDEAL_NOT_MEASURED
3.5938136638046276,0.9999988754739182,-9.767514933625757e-06,CALCULATED_IDEAL_NOT_MEASURED
3.782489906389384,0.99999875429868,-1.0820030926647646e-05,CALCULATED_IDEAL_NOT_MEASURED
3.9810717055349722,0.9999986200660145,-1.1985962575993742e-05,CALCULATED_IDEAL_NOT_MEASURED
4.190079105786669,0.9999984713689015,-1.3277531166934665e-05,CALCULATED_IDEAL_NOT_MEASURED
4.4100594541767375,0.9999983066487079,-1.4708274894587049e-05,CALCULATED_IDEAL_NOT_MEASURED
4.641588833612778,0.999998124178848,-1.6293190788270444e-05,CALCULATED_IDEAL_NOT_MEASURED
4.885273571519389,0.9999979220466888,-1.8048891886492592e-05,CALCULATED_IDEAL_NOT_MEASURED
5.141751827683927,0.9999976981334997,-1.9993781394666565e-05,CALCULATED_IDEAL_NOT_MEASURED
5.411695265464636,0.9999974500922478,-2.2148245560594877e-05,CALCULATED_IDEAL_NOT_MEASURED
5.695810810737687,0.9999971753229956,-2.4534867375033993e-05,CALCULATED_IDEAL_NOT_MEASURED
5.99484250318941,0.9999968709456504,-2.7178663274142718e-05,CALCULATED_IDEAL_NOT_MEASURED
6.309573444801933,0.9999965337697774,-3.010734535338268e-05,CALCULATED_IDEAL_NOT_MEASURED
6.6408278506348415,0.9999961602611595,-3.335161183878784e-05,CALCULATED_IDEAL_NOT_MEASURED
6.989473207273485,0.9999957465047552,-3.694546884610429e-05,CALCULATED_IDEAL_NOT_MEASURED
7.3564225445964135,0.9999952881636635,-4.0926586831629725e-05,CALCULATED_IDEAL_NOT_MEASURED
7.742636826811269,0.99999478043367,-4.533669542032778e-05,CALCULATED_IDEAL_NOT_MEASURED
8.149127469020742,0.9999942179928932,-5.022202080808683e-05,CALCULATED_IDEAL_NOT_MEASURED
8.576958985908941,0.9999935949460086,-5.5633770264072734e-05,CALCULATED_IDEAL_NOT_MEASURED
9.027251779484576,0.9999929047624602,-6.162866886213216e-05,CALCULATED_IDEAL_NOT_MEASURED
9.501185073181436,0.9999921402080185,-6.826955402187622e-05,CALCULATED_IDEAL_NOT_MEASURED
10.0,0.999991293268963,-7.562603412423707e-05,CALCULATED_IDEAL_NOT_MEASURED
10.525002852777327,0.9999903550680973,-8.37752180772649e-05,CALCULATED_IDEAL_NOT_MEASURED
11.077568505097092,0.9999893157717162,-9.280252350322147e-05,CALCULATED_IDEAL_NOT_MEASURED
11.659144011798316,0.9999881644865525,-0.00010280257197682507,CALCULATED_IDEAL_NOT_MEASURED
12.271252398511898,0.9999868891456203,-0.00011388018073782351,CALCULATED_IDEAL_NOT_MEASURED
12.91549665014884,0.9999854763817635,-0.00012615146123772934,CALCULATED_IDEAL_NOT_MEASURED
13.593563908785255,0.9999839113875835,-0.00013974503603447153,CALCULATED_IDEAL_NOT_MEASURED
14.307229891937572,0.999982177760278,-0.00015480338680424284,CALCULATED_IDEAL_NOT_MEASURED
15.058363542798407,0.9999802573297719,-0.00017148434754688584,CALCULATED_IDEAL_NOT_MEASURED
15.848931924611133,0.9999781299683339,-0.00018996275868602203,CALCULATED_IDEAL_NOT_MEASURED
16.68100537200059,0.9999757733796948,-0.00021043229931637863,CALCULATED_IDEAL_NOT_MEASURED
17.556762912750013,0.9999731628654528,-0.0002331075168618435,CALCULATED_IDEAL_NOT_MEASURED
18.478497974222908,0.99997027106633,-0.00025822607532724706,CALCULATED_IDEAL_NOT_MEASURED
19.448624389373624,0.9999670676755674,-0.00028605124573838803,CALCULATED_IDEAL_NOT_MEASURED
20.46968271807521,0.9999635191214659,-0.00031687466481541575,CALCULATED_IDEAL_NOT_MEASURED
21.544346900318832,0.9999595882157526,-0.0003510193907579893,CALCULATED_IDEAL_NOT_MEASURED
22.67543125870802,0.9999552337641002,-0.0003888432881271394,CALCULATED_IDEAL_NOT_MEASURED
23.865897868585808,0.9999504101347257,-0.0004307427772651364,CALCULATED_IDEAL_NOT_MEASURED
25.118864315095795,0.9999450667805706,-0.000477156987432105,CALCULATED_IDEAL_NOT_MEASURED
26.437611857491,0.999939147710068,-0.000528572357155365,CALCULATED_IDEAL_NOT_MEASURED
27.825594022071243,0.9999325909009775,-0.0005855277298807055,CALCULATED_IDEAL_NOT_MEASURED
29.286445646252357,0.9999253276511764,-0.0006486199981879652,CALCULATED_IDEAL_NOT_MEASURED
30.823992397451434,0.9999172818596358,-0.0007185103555993592,CALCULATED_IDEAL_NOT_MEASURED
32.4422607917163,0.9999083692300973,-0.0007959312212780616,CALCULATED_IDEAL_NOT_MEASURED
34.14548873833603,0.9998984963891548,-0.0008816939099809244,CALCULATED_IDEAL_NOT_MEASURED
35.938136638046274,0.9998875599095733,-0.0009766971273257301,CALCULATED_IDEAL_NOT_MEASURED
37.824899063893845,0.9998754452286892,-0.0010819363790679428,CALCULATED_IDEAL_NOT_MEASURED
39.810717055349734,0.9998620254506623,-0.0011985143925523228,CALCULATED_IDEAL_NOT_MEASURED
41.90079105786669,0.9998471600201575,-0.001327652658983565,CALCULATED_IDEAL_NOT_MEASURED
44.100594541767364,0.9998306932537081,-0.0014707042168575686,CALCULATED_IDEAL_NOT_MEASURED
46.4158883361278,0.9998124527135677,-0.001629167809646541,CALCULATED_IDEAL_NOT_MEASURED
48.852735715193894,0.9997922474072426,-0.0018047035651268522,CALCULATED_IDEAL_NOT_MEASURED
51.41751827683925,0.9997698657941286,-0.001999150359406859,CALCULATED_IDEAL_NOT_MEASURED
54.116952654646376,0.9997450735787199,-0.0022145450460822657,CALCULATED_IDEAL_NOT_MEASURED
56.958108107376866,0.9997176112676988,-0.0024531437501826986,CALCULATED_IDEAL_NOT_MEASURED
59.94842503189409,0.9996871914658501,-0.0027174454476966603,CALCULATED_IDEAL_NOT_MEASURED
63.09573444801933,0.9996534958831177,-0.0030102180749764828,CALCULATED_IDEAL_NOT_MEASURED
66.40827850634841,0.9996161720222551,-0.003334527438101744,CALCULATED_IDEAL_NOT_MEASURED
69.89473207273487,0.9995748295133497,-0.0036937692208904582,CALCULATED_IDEAL_NOT_MEASURED
73.56422544596414,0.9995290360580347,-0.004091704421689371,CALCULATED_IDEAL_NOT_MEASURED
77.4263682681127,0.9994783129423841,-0.004532498583806447,CALCULATED_IDEAL_NOT_MEASURED
81.49127469020745,0.9994221300733078,-0.005020765222777843,CALCULATED_IDEAL_NOT_MEASURED
85.76958985908941,0.9993599004886949,-0.0055616138956997175,CALCULATED_IDEAL_NOT_MEASURED
90.27251779484574,0.9992909742865314,-0.006160703404485047,CALCULATED_IDEAL_NOT_MEASURED
95.01185073181439,0.9992146319127841,-0.006824300675707869,CALCULATED_IDEAL_NOT_MEASURED
100.0,0.9991300767418635,-0.007559345916103119,CALCULATED_IDEAL_NOT_MEASURED
105.25002852777327,0.999036426877026,-0.00837352470422782,CALCULATED_IDEAL_NOT_MEASURED
110.77568505097086,0.9989327060910403,-0.009275347746624474,CALCULATED_IDEAL_NOT_MEASURED
116.59144011798323,0.9988178338198577,-0.010274239100808017,CALCULATED_IDEAL_NOT_MEASURED
122.71252398511903,0.9986906141138115,-0.011380633748741428,CALCULATED_IDEAL_NOT_MEASURED
129.1549665014884,0.9985497234420819,-0.012606085493025568,CALCULATED_IDEAL_NOT_MEASURED
135.93563908785256,0.998393697236708,-0.01396338624501281,CALCULATED_IDEAL_NOT_MEASURED
143.07229891937573,0.9982209150524052,-0.015466697879403673,CALCULATED_IDEAL_NOT_MEASURED
150.583635427984,0.9980295842077828,-0.01713169794472895,CALCULATED_IDEAL_NOT_MEASURED
158.48931924611142,0.9978177217623858,-0.018975740643362056,CALCULATED_IDEAL_NOT_MEASURED
166.81005372000593,0.9975831346722982,-0.021018034629387426,CALCULATED_IDEAL_NOT_MEASURED
175.56762912750014,0.9973233979550029,-0.023279839317707468,CALCULATED_IDEAL_NOT_MEASURED
184.78497974222907,0.9970358306819163,-0.02578468155374479,CALCULATED_IDEAL_NOT_MEASURED
194.48624389373614,0.996717469604721,-0.02855859465992354,CALCULATED_IDEAL_NOT_MEASURED
204.696827180752,0.9963650402095691,-0.031630382052899704,CALCULATED_IDEAL_NOT_MEASURED
215.44346900318845,0.9959749249817926,-0.03503190781366506,CALCULATED_IDEAL_NOT_MEASURED
226.7543125870802,0.995543128653401,-0.038798416790529394,CALCULATED_IDEAL_NOT_MEASURED
238.65897868585807,0.9950652401969321,-0.04296888702153319,CALCULATED_IDEAL_NOT_MEASURED
251.18864315095797,0.9945363913229568,-0.047586417475845855,CALCULATED_IDEAL_NOT_MEASURED
264.37611857490987,0.9939512112355757,-0.05269865433120694,CALCULATED_IDEAL_NOT_MEASURED
278.2559402207126,0.9933037774018278,-0.05835825922237613,CALCULATED_IDEAL_NOT_MEASURED
292.8644564625237,0.992587562098416,-0.06462342310975545,CALCULATED_IDEAL_NOT_MEASURED
308.23992397451434,0.9917953745143139,-0.07155842962158804,CALCULATED_IDEAL_NOT_MEASURED
324.422607917163,0.9909192982127679,-0.07923427190958239,CALCULATED_IDEAL_NOT_MEASURED
341.4548873833601,0.9899506237934389,-0.08772932721706685,CALCULATED_IDEAL_NOT_MEASURED
359.38136638046257,0.9888797766480054,-0.09713009347812684,CALCULATED_IDEAL_NOT_MEASURED
378.2489906389386,0.9876962397740032,-0.10753199233084611,CALCULATED_IDEAL_NOT_MEASURED
398.1071705534973,0.9863884717061897,-0.11904024291893868,CALCULATED_IDEAL_NOT_MEASURED
419.00791057866695,0.984943819747124,-0.13177081075119912,CALCULATED_IDEAL_NOT_MEASURED
441.0059454176737,0.9833484288344477,-0.14585143566018946,CALCULATED_IDEAL_NOT_MEASURED
464.15888336127773,0.9815871465777681,-0.16142274251787847,CALCULATED_IDEAL_NOT_MEASURED
488.52735715193916,0.9796434252399356,-0.17863943778847635,CALCULATED_IDEAL_NOT_MEASURED
514.1751827683928,0.9774992217333124,-0.19767159418283103,CALCULATED_IDEAL_NOT_MEASURED
541.1695265464638,0.9751348970591442,-0.2187060245730616,CALCULATED_IDEAL_NOT_MEASURED
569.5810810737686,0.9725291170452448,-0.24194774487225737,CALCULATED_IDEAL_NOT_MEASURED
599.4842503189409,0.9696587567413134,-0.26762152371699116,CALCULATED_IDEAL_NOT_MEASURED
630.957344480193,0.9664988114187566,-0.29597351443836617,CALCULATED_IDEAL_NOT_MEASURED
664.0827850634845,0.9630223177971927,-0.32727296189440624,CALCULATED_IDEAL_NOT_MEASURED
698.9473207273486,0.9592002898840447,-0.36181397318369635,CALCULATED_IDEAL_NOT_MEASURED
735.6422544596413,0.9550016746629982,-0.39991733698975385,CALCULATED_IDEAL_NOT_MEASURED
774.263682681127,0.9503933337910474,-0.44193237124577817,CALCULATED_IDEAL_NOT_MEASURED
814.912746902074,0.9453400584424198,-0.4882387729023397,CALCULATED_IDEAL_NOT_MEASURED
857.6958985908938,0.939804625438866,-0.5392484367905469,CALCULATED_IDEAL_NOT_MEASURED
902.7251779484578,0.9337479037822985,-0.5954072029001596,CALCULATED_IDEAL_NOT_MEASURED
950.1185073181439,0.9271290215917737,-0.6571964828856522,CALCULATED_IDEAL_NOT_MEASURED
1000.0,0.9199056041550316,-0.7251347073908053,CALCULATED_IDEAL_NOT_MEASURED
1052.5002852777327,0.912034094224058,-0.7997785260499058,CALCULATED_IDEAL_NOT_MEASURED
1107.7568505097088,0.9034701656785996,-0.8817236820960443,CALCULATED_IDEAL_NOT_MEASURED
1165.9144011798323,0.8941692410920776,-0.9716054738316362,CALCULATED_IDEAL_NOT_MEASURED
1227.1252398511904,0.88408712238351,-1.0700987063893361,CALCULATED_IDEAL_NOT_MEASURED
1291.549665014884,0.8731807414406547,-1.177917029992916,CALCULATED_IDEAL_NOT_MEASURED
1359.3563908785254,0.861409034174312,-1.2958115562401864,CALCULATED_IDEAL_NOT_MEASURED
1430.7229891937573,0.8487339367613499,-1.4245686428455753,CALCULATED_IDEAL_NOT_MEASURED
1505.83635427984,0.8351214967629751,-1.5650067409797932,CALCULATED_IDEAL_NOT_MEASURED
1584.893192461114,0.8205430843676343,-1.7179722090520602,CALCULATED_IDEAL_NOT_MEASURED
1668.100537200059,0.8049766803407529,-1.8843340136618723,CALCULATED_IDEAL_NOT_MEASURED
1755.6762912750014,0.788408207674127,-2.0649772634726817,CALCULATED_IDEAL_NOT_MEASURED
1847.8497974222907,0.7708328639261972,-2.260795555538099,CALCULATED_IDEAL_NOT_MEASURED
1944.8624389373615,0.7522564015565041,-2.472682156202011,CALCULATED_IDEAL_NOT_MEASURED
2046.96827180752,0.7326962951119276,-2.7015200894195326,CALCULATED_IDEAL_NOT_MEASURED
2154.4346900318847,0.7121827280007477,-2.9481712626294483,CALCULATED_IDEAL_NOT_MEASURED
2267.543125870802,0.6907593289370005,-3.2134648215767507,CALCULATED_IDEAL_NOT_MEASURED
2386.5897868585807,0.668483590024504,-3.498184987165725,CALCULATED_IDEAL_NOT_MEASURED
2511.88643150958,0.645426905712701,-3.8030586850878985,CALCULATED_IDEAL_NOT_MEASURED
2643.7611857490983,0.6216741849152088,-4.128743327613486,CALCULATED_IDEAL_NOT_MEASURED
2782.559402207126,0.5973230072811541,-4.475815141428389,CALCULATED_IDEAL_NOT_MEASURED
2928.6445646252373,0.5724823181106028,-4.844758451048266,CALCULATED_IDEAL_NOT_MEASURED
3082.3992397451434,0.5472706831683849,-5.235956320512449,CALCULATED_IDEAL_NOT_MEASURED
3244.22607917163,0.5218141525264418,-5.64968292477009,CALCULATED_IDEAL_NOT_MEASURED
3414.5488738336007,0.4962438090060034,-6.0860979665434005,CALCULATED_IDEAL_NOT_MEASURED
3593.813663804626,0.4706930991587559,-6.545243376941832,CALCULATED_IDEAL_NOT_MEASURED
3782.4899063893863,0.445295060649518,-7.027042443414423,CALCULATED_IDEAL_NOT_MEASURED
3981.0717055349733,0.4201795676261129,-7.531301403331499,CALCULATED_IDEAL_NOT_MEASURED
4190.079105786669,0.3954707143149709,-8.057713433329592,CALCULATED_IDEAL_NOT_MEASURED
4410.059454176737,0.3712844468161507,-8.60586486160647,CALCULATED_IDEAL_NOT_MEASURED
4641.588833612777,0.34772653504006695,-9.175243340101442,CALCULATED_IDEAL_NOT_MEASURED
4885.273571519391,0.32489095289940034,-9.765247642018362,CALCULATED_IDEAL_NOT_MEASURED
5141.751827683928,0.3028587077310263,-10.375198701518064,CALCULATED_IDEAL_NOT_MEASURED
5411.6952654646375,0.28169713212222836,-11.004351488387552,CALCULATED_IDEAL_NOT_MEASURED
5695.810810737687,0.26145962531159483,-11.651907310554058,CALCULATED_IDEAL_NOT_MEASURED
5994.8425031894085,0.24218580911474014,-12.317026158931126,CALCULATED_IDEAL_NOT_MEASURED
6309.57344480193,0.22390204622690632,-12.998838748250265,CALCULATED_IDEAL_NOT_MEASURED
6640.827850634844,0.20662225740994059,-13.696457959360567,CALCULATED_IDEAL_NOT_MEASURED
6989.473207273486,0.1903489684524351,-14.408989447822766,CALCULATED_IDEAL_NOT_MEASURED
7356.422544596414,0.17507451733878857,-15.13554124560995,CALCULATED_IDEAL_NOT_MEASURED
7742.63682681127,0.16078235585221368,-15.875232243151718,CALCULATED_IDEAL_NOT_MEASURED
8149.12746902074,0.14744838675877664,-16.627199494538548,CALCULATED_IDEAL_NOT_MEASURED
8576.958985908937,0.13504228663673404,-17.390604337160475,CALCULATED_IDEAL_NOT_MEASURED
9027.251779484579,0.12352877428328181,-18.164637357091337,CALCULATED_IDEAL_NOT_MEASURED
9501.18507318144,0.11286879457698835,-18.948522262703513,CALCULATED_IDEAL_NOT_MEASURED
10000.0,0.10302059703617907,-19.741518751549734,CALCULATED_IDEAL_NOT_MEASURED
