Reference,MPN/value,Pin,Pin function,Net,Sheet,Review note
J1,PJ-313 5JCJ,1,SLEEVE,GND,inputs-01-02,3 logical contacts / 5 physical legs: duplicated pad mapping is OPEN
J1,PJ-313 5JCJ,2,RING,NO_CONNECT,inputs-01-02,3 logical contacts / 5 physical legs: duplicated pad mapping is OPEN
J1,PJ-313 5JCJ,3,TIP,CH01_IN,inputs-01-02,3 logical contacts / 5 physical legs: duplicated pad mapping is OPEN
R101,1M,1,P1,CH01_IN,inputs-01-02,
R101,1M,2,P2,CH01_BIAS,inputs-01-02,
R102,200k,1,P1,+3V0_REF,inputs-01-02,
R102,200k,2,P2,CH01_BIAS,inputs-01-02,
R103,249k,1,P1,CH01_BIAS,inputs-01-02,
R103,249k,2,P2,GND,inputs-01-02,
C101,470pF,1,P1,CH01_BIAS,inputs-01-02,
C101,470pF,2,P2,GND,inputs-01-02,
D1,"BAV199,215",1,ANODE_LOW,GND,inputs-01-02,
D1,"BAV199,215",2,CATHODE_HIGH,+3V3A,inputs-01-02,
D1,"BAV199,215",3,JUNCTION,CH01_BIAS,inputs-01-02,
R104,4.7k,1,P1,CH01_BUF1,inputs-01-02,
R104,4.7k,2,P2,CH01_LP2,inputs-01-02,
C102,10nF,1,P1,CH01_LP2,inputs-01-02,
C102,10nF,2,P2,GND,inputs-01-02,
TP1,testpoint,1,PAD,CH01_OUT,inputs-01-02,
J2,PJ-313 5JCJ,1,SLEEVE,GND,inputs-01-02,3 logical contacts / 5 physical legs: duplicated pad mapping is OPEN
J2,PJ-313 5JCJ,2,RING,NO_CONNECT,inputs-01-02,3 logical contacts / 5 physical legs: duplicated pad mapping is OPEN
J2,PJ-313 5JCJ,3,TIP,CH02_IN,inputs-01-02,3 logical contacts / 5 physical legs: duplicated pad mapping is OPEN
R201,1M,1,P1,CH02_IN,inputs-01-02,
R201,1M,2,P2,CH02_BIAS,inputs-01-02,
R202,200k,1,P1,+3V0_REF,inputs-01-02,
R202,200k,2,P2,CH02_BIAS,inputs-01-02,
R203,249k,1,P1,CH02_BIAS,inputs-01-02,
R203,249k,2,P2,GND,inputs-01-02,
C201,470pF,1,P1,CH02_BIAS,inputs-01-02,
C201,470pF,2,P2,GND,inputs-01-02,
D2,"BAV199,215",1,ANODE_LOW,GND,inputs-01-02,
D2,"BAV199,215",2,CATHODE_HIGH,+3V3A,inputs-01-02,
D2,"BAV199,215",3,JUNCTION,CH02_BIAS,inputs-01-02,
R204,4.7k,1,P1,CH02_BUF1,inputs-01-02,
R204,4.7k,2,P2,CH02_LP2,inputs-01-02,
C202,10nF,1,P1,CH02_LP2,inputs-01-02,
C202,10nF,2,P2,GND,inputs-01-02,
TP2,testpoint,1,PAD,CH02_OUT,inputs-01-02,
U1,TLV9064IDR,4,VCC,+3V3A,inputs-01-02,
U1,TLV9064IDR,11,GND,GND,inputs-01-02,
U1,TLV9064IDR,1,OUT_A,CH01_BUF1,inputs-01-02,
U1,TLV9064IDR,2,IN_A_MINUS,CH01_BUF1,inputs-01-02,
U1,TLV9064IDR,3,IN_A_PLUS,CH01_BIAS,inputs-01-02,
U1,TLV9064IDR,5,IN_B_PLUS,CH01_LP2,inputs-01-02,
U1,TLV9064IDR,6,IN_B_MINUS,CH01_OUT,inputs-01-02,
U1,TLV9064IDR,7,OUT_B,CH01_OUT,inputs-01-02,
U1,TLV9064IDR,8,OUT_C,CH02_BUF1,inputs-01-02,
U1,TLV9064IDR,9,IN_C_MINUS,CH02_BUF1,inputs-01-02,
U1,TLV9064IDR,10,IN_C_PLUS,CH02_BIAS,inputs-01-02,
U1,TLV9064IDR,12,IN_D_PLUS,CH02_LP2,inputs-01-02,
U1,TLV9064IDR,13,IN_D_MINUS,CH02_OUT,inputs-01-02,
U1,TLV9064IDR,14,OUT_D,CH02_OUT,inputs-01-02,
C1,100nF,1,P1,+3V3A,inputs-01-02,
C1,100nF,2,P2,GND,inputs-01-02,
J3,PJ-313 5JCJ,1,SLEEVE,GND,inputs-03-04,3 logical contacts / 5 physical legs: duplicated pad mapping is OPEN
J3,PJ-313 5JCJ,2,RING,NO_CONNECT,inputs-03-04,3 logical contacts / 5 physical legs: duplicated pad mapping is OPEN
J3,PJ-313 5JCJ,3,TIP,CH03_IN,inputs-03-04,3 logical contacts / 5 physical legs: duplicated pad mapping is OPEN
R301,1M,1,P1,CH03_IN,inputs-03-04,
R301,1M,2,P2,CH03_BIAS,inputs-03-04,
R302,200k,1,P1,+3V0_REF,inputs-03-04,
R302,200k,2,P2,CH03_BIAS,inputs-03-04,
R303,249k,1,P1,CH03_BIAS,inputs-03-04,
R303,249k,2,P2,GND,inputs-03-04,
C301,470pF,1,P1,CH03_BIAS,inputs-03-04,
C301,470pF,2,P2,GND,inputs-03-04,
D3,"BAV199,215",1,ANODE_LOW,GND,inputs-03-04,
D3,"BAV199,215",2,CATHODE_HIGH,+3V3A,inputs-03-04,
D3,"BAV199,215",3,JUNCTION,CH03_BIAS,inputs-03-04,
R304,4.7k,1,P1,CH03_BUF1,inputs-03-04,
R304,4.7k,2,P2,CH03_LP2,inputs-03-04,
C302,10nF,1,P1,CH03_LP2,inputs-03-04,
C302,10nF,2,P2,GND,inputs-03-04,
TP3,testpoint,1,PAD,CH03_OUT,inputs-03-04,
J4,PJ-313 5JCJ,1,SLEEVE,GND,inputs-03-04,3 logical contacts / 5 physical legs: duplicated pad mapping is OPEN
J4,PJ-313 5JCJ,2,RING,NO_CONNECT,inputs-03-04,3 logical contacts / 5 physical legs: duplicated pad mapping is OPEN
J4,PJ-313 5JCJ,3,TIP,CH04_IN,inputs-03-04,3 logical contacts / 5 physical legs: duplicated pad mapping is OPEN
R401,1M,1,P1,CH04_IN,inputs-03-04,
R401,1M,2,P2,CH04_BIAS,inputs-03-04,
R402,200k,1,P1,+3V0_REF,inputs-03-04,
R402,200k,2,P2,CH04_BIAS,inputs-03-04,
R403,249k,1,P1,CH04_BIAS,inputs-03-04,
R403,249k,2,P2,GND,inputs-03-04,
C401,470pF,1,P1,CH04_BIAS,inputs-03-04,
C401,470pF,2,P2,GND,inputs-03-04,
D4,"BAV199,215",1,ANODE_LOW,GND,inputs-03-04,
D4,"BAV199,215",2,CATHODE_HIGH,+3V3A,inputs-03-04,
D4,"BAV199,215",3,JUNCTION,CH04_BIAS,inputs-03-04,
R404,4.7k,1,P1,CH04_BUF1,inputs-03-04,
R404,4.7k,2,P2,CH04_LP2,inputs-03-04,
C402,10nF,1,P1,CH04_LP2,inputs-03-04,
C402,10nF,2,P2,GND,inputs-03-04,
TP4,testpoint,1,PAD,CH04_OUT,inputs-03-04,
U2,TLV9064IDR,4,VCC,+3V3A,inputs-03-04,
U2,TLV9064IDR,11,GND,GND,inputs-03-04,
U2,TLV9064IDR,1,OUT_A,CH03_BUF1,inputs-03-04,
U2,TLV9064IDR,2,IN_A_MINUS,CH03_BUF1,inputs-03-04,
U2,TLV9064IDR,3,IN_A_PLUS,CH03_BIAS,inputs-03-04,
U2,TLV9064IDR,5,IN_B_PLUS,CH03_LP2,inputs-03-04,
U2,TLV9064IDR,6,IN_B_MINUS,CH03_OUT,inputs-03-04,
U2,TLV9064IDR,7,OUT_B,CH03_OUT,inputs-03-04,
U2,TLV9064IDR,8,OUT_C,CH04_BUF1,inputs-03-04,
U2,TLV9064IDR,9,IN_C_MINUS,CH04_BUF1,inputs-03-04,
U2,TLV9064IDR,10,IN_C_PLUS,CH04_BIAS,inputs-03-04,
U2,TLV9064IDR,12,IN_D_PLUS,CH04_LP2,inputs-03-04,
U2,TLV9064IDR,13,IN_D_MINUS,CH04_OUT,inputs-03-04,
U2,TLV9064IDR,14,OUT_D,CH04_OUT,inputs-03-04,
C2,100nF,1,P1,+3V3A,inputs-03-04,
C2,100nF,2,P2,GND,inputs-03-04,
J5,PJ-313 5JCJ,1,SLEEVE,GND,inputs-05-06,3 logical contacts / 5 physical legs: duplicated pad mapping is OPEN
J5,PJ-313 5JCJ,2,RING,NO_CONNECT,inputs-05-06,3 logical contacts / 5 physical legs: duplicated pad mapping is OPEN
J5,PJ-313 5JCJ,3,TIP,CH05_IN,inputs-05-06,3 logical contacts / 5 physical legs: duplicated pad mapping is OPEN
R501,1M,1,P1,CH05_IN,inputs-05-06,
R501,1M,2,P2,CH05_BIAS,inputs-05-06,
R502,200k,1,P1,+3V0_REF,inputs-05-06,
R502,200k,2,P2,CH05_BIAS,inputs-05-06,
R503,249k,1,P1,CH05_BIAS,inputs-05-06,
R503,249k,2,P2,GND,inputs-05-06,
C501,470pF,1,P1,CH05_BIAS,inputs-05-06,
C501,470pF,2,P2,GND,inputs-05-06,
D5,"BAV199,215",1,ANODE_LOW,GND,inputs-05-06,
D5,"BAV199,215",2,CATHODE_HIGH,+3V3A,inputs-05-06,
D5,"BAV199,215",3,JUNCTION,CH05_BIAS,inputs-05-06,
R504,4.7k,1,P1,CH05_BUF1,inputs-05-06,
R504,4.7k,2,P2,CH05_LP2,inputs-05-06,
C502,10nF,1,P1,CH05_LP2,inputs-05-06,
C502,10nF,2,P2,GND,inputs-05-06,
TP5,testpoint,1,PAD,CH05_OUT,inputs-05-06,
J6,PJ-313 5JCJ,1,SLEEVE,GND,inputs-05-06,3 logical contacts / 5 physical legs: duplicated pad mapping is OPEN
J6,PJ-313 5JCJ,2,RING,NO_CONNECT,inputs-05-06,3 logical contacts / 5 physical legs: duplicated pad mapping is OPEN
J6,PJ-313 5JCJ,3,TIP,CH06_IN,inputs-05-06,3 logical contacts / 5 physical legs: duplicated pad mapping is OPEN
R601,1M,1,P1,CH06_IN,inputs-05-06,
R601,1M,2,P2,CH06_BIAS,inputs-05-06,
R602,200k,1,P1,+3V0_REF,inputs-05-06,
R602,200k,2,P2,CH06_BIAS,inputs-05-06,
R603,249k,1,P1,CH06_BIAS,inputs-05-06,
R603,249k,2,P2,GND,inputs-05-06,
C601,470pF,1,P1,CH06_BIAS,inputs-05-06,
C601,470pF,2,P2,GND,inputs-05-06,
D6,"BAV199,215",1,ANODE_LOW,GND,inputs-05-06,
D6,"BAV199,215",2,CATHODE_HIGH,+3V3A,inputs-05-06,
D6,"BAV199,215",3,JUNCTION,CH06_BIAS,inputs-05-06,
R604,4.7k,1,P1,CH06_BUF1,inputs-05-06,
R604,4.7k,2,P2,CH06_LP2,inputs-05-06,
C602,10nF,1,P1,CH06_LP2,inputs-05-06,
C602,10nF,2,P2,GND,inputs-05-06,
TP6,testpoint,1,PAD,CH06_OUT,inputs-05-06,
U3,TLV9064IDR,4,VCC,+3V3A,inputs-05-06,
U3,TLV9064IDR,11,GND,GND,inputs-05-06,
U3,TLV9064IDR,1,OUT_A,CH05_BUF1,inputs-05-06,
U3,TLV9064IDR,2,IN_A_MINUS,CH05_BUF1,inputs-05-06,
U3,TLV9064IDR,3,IN_A_PLUS,CH05_BIAS,inputs-05-06,
U3,TLV9064IDR,5,IN_B_PLUS,CH05_LP2,inputs-05-06,
U3,TLV9064IDR,6,IN_B_MINUS,CH05_OUT,inputs-05-06,
U3,TLV9064IDR,7,OUT_B,CH05_OUT,inputs-05-06,
U3,TLV9064IDR,8,OUT_C,CH06_BUF1,inputs-05-06,
U3,TLV9064IDR,9,IN_C_MINUS,CH06_BUF1,inputs-05-06,
U3,TLV9064IDR,10,IN_C_PLUS,CH06_BIAS,inputs-05-06,
U3,TLV9064IDR,12,IN_D_PLUS,CH06_LP2,inputs-05-06,
U3,TLV9064IDR,13,IN_D_MINUS,CH06_OUT,inputs-05-06,
U3,TLV9064IDR,14,OUT_D,CH06_OUT,inputs-05-06,
C3,100nF,1,P1,+3V3A,inputs-05-06,
C3,100nF,2,P2,GND,inputs-05-06,
J7,PJ-313 5JCJ,1,SLEEVE,GND,inputs-07-08,3 logical contacts / 5 physical legs: duplicated pad mapping is OPEN
J7,PJ-313 5JCJ,2,RING,NO_CONNECT,inputs-07-08,3 logical contacts / 5 physical legs: duplicated pad mapping is OPEN
J7,PJ-313 5JCJ,3,TIP,CH07_IN,inputs-07-08,3 logical contacts / 5 physical legs: duplicated pad mapping is OPEN
R701,1M,1,P1,CH07_IN,inputs-07-08,
R701,1M,2,P2,CH07_BIAS,inputs-07-08,
R702,200k,1,P1,+3V0_REF,inputs-07-08,
R702,200k,2,P2,CH07_BIAS,inputs-07-08,
R703,249k,1,P1,CH07_BIAS,inputs-07-08,
R703,249k,2,P2,GND,inputs-07-08,
C701,470pF,1,P1,CH07_BIAS,inputs-07-08,
C701,470pF,2,P2,GND,inputs-07-08,
D7,"BAV199,215",1,ANODE_LOW,GND,inputs-07-08,
D7,"BAV199,215",2,CATHODE_HIGH,+3V3A,inputs-07-08,
D7,"BAV199,215",3,JUNCTION,CH07_BIAS,inputs-07-08,
R704,4.7k,1,P1,CH07_BUF1,inputs-07-08,
R704,4.7k,2,P2,CH07_LP2,inputs-07-08,
C702,10nF,1,P1,CH07_LP2,inputs-07-08,
C702,10nF,2,P2,GND,inputs-07-08,
TP7,testpoint,1,PAD,CH07_OUT,inputs-07-08,
J8,PJ-313 5JCJ,1,SLEEVE,GND,inputs-07-08,3 logical contacts / 5 physical legs: duplicated pad mapping is OPEN
J8,PJ-313 5JCJ,2,RING,NO_CONNECT,inputs-07-08,3 logical contacts / 5 physical legs: duplicated pad mapping is OPEN
J8,PJ-313 5JCJ,3,TIP,CH08_IN,inputs-07-08,3 logical contacts / 5 physical legs: duplicated pad mapping is OPEN
R801,1M,1,P1,CH08_IN,inputs-07-08,
R801,1M,2,P2,CH08_BIAS,inputs-07-08,
R802,200k,1,P1,+3V0_REF,inputs-07-08,
R802,200k,2,P2,CH08_BIAS,inputs-07-08,
R803,249k,1,P1,CH08_BIAS,inputs-07-08,
R803,249k,2,P2,GND,inputs-07-08,
C801,470pF,1,P1,CH08_BIAS,inputs-07-08,
C801,470pF,2,P2,GND,inputs-07-08,
D8,"BAV199,215",1,ANODE_LOW,GND,inputs-07-08,
D8,"BAV199,215",2,CATHODE_HIGH,+3V3A,inputs-07-08,
D8,"BAV199,215",3,JUNCTION,CH08_BIAS,inputs-07-08,
R804,4.7k,1,P1,CH08_BUF1,inputs-07-08,
R804,4.7k,2,P2,CH08_LP2,inputs-07-08,
C802,10nF,1,P1,CH08_LP2,inputs-07-08,
C802,10nF,2,P2,GND,inputs-07-08,
TP8,testpoint,1,PAD,CH08_OUT,inputs-07-08,
U4,TLV9064IDR,4,VCC,+3V3A,inputs-07-08,
U4,TLV9064IDR,11,GND,GND,inputs-07-08,
U4,TLV9064IDR,1,OUT_A,CH07_BUF1,inputs-07-08,
U4,TLV9064IDR,2,IN_A_MINUS,CH07_BUF1,inputs-07-08,
U4,TLV9064IDR,3,IN_A_PLUS,CH07_BIAS,inputs-07-08,
U4,TLV9064IDR,5,IN_B_PLUS,CH07_LP2,inputs-07-08,
U4,TLV9064IDR,6,IN_B_MINUS,CH07_OUT,inputs-07-08,
U4,TLV9064IDR,7,OUT_B,CH07_OUT,inputs-07-08,
U4,TLV9064IDR,8,OUT_C,CH08_BUF1,inputs-07-08,
U4,TLV9064IDR,9,IN_C_MINUS,CH08_BUF1,inputs-07-08,
U4,TLV9064IDR,10,IN_C_PLUS,CH08_BIAS,inputs-07-08,
U4,TLV9064IDR,12,IN_D_PLUS,CH08_LP2,inputs-07-08,
U4,TLV9064IDR,13,IN_D_MINUS,CH08_OUT,inputs-07-08,
U4,TLV9064IDR,14,OUT_D,CH08_OUT,inputs-07-08,
C4,100nF,1,P1,+3V3A,inputs-07-08,
C4,100nF,2,P2,GND,inputs-07-08,
J9,PJ-313 5JCJ,1,SLEEVE,GND,inputs-09-10,3 logical contacts / 5 physical legs: duplicated pad mapping is OPEN
J9,PJ-313 5JCJ,2,RING,NO_CONNECT,inputs-09-10,3 logical contacts / 5 physical legs: duplicated pad mapping is OPEN
J9,PJ-313 5JCJ,3,TIP,CH09_IN,inputs-09-10,3 logical contacts / 5 physical legs: duplicated pad mapping is OPEN
R901,1M,1,P1,CH09_IN,inputs-09-10,
R901,1M,2,P2,CH09_BIAS,inputs-09-10,
R902,200k,1,P1,+3V0_REF,inputs-09-10,
R902,200k,2,P2,CH09_BIAS,inputs-09-10,
R903,249k,1,P1,CH09_BIAS,inputs-09-10,
R903,249k,2,P2,GND,inputs-09-10,
C901,470pF,1,P1,CH09_BIAS,inputs-09-10,
C901,470pF,2,P2,GND,inputs-09-10,
D9,"BAV199,215",1,ANODE_LOW,GND,inputs-09-10,
D9,"BAV199,215",2,CATHODE_HIGH,+3V3A,inputs-09-10,
D9,"BAV199,215",3,JUNCTION,CH09_BIAS,inputs-09-10,
R904,4.7k,1,P1,CH09_BUF1,inputs-09-10,
R904,4.7k,2,P2,CH09_LP2,inputs-09-10,
C902,10nF,1,P1,CH09_LP2,inputs-09-10,
C902,10nF,2,P2,GND,inputs-09-10,
TP9,testpoint,1,PAD,CH09_OUT,inputs-09-10,
J10,PJ-313 5JCJ,1,SLEEVE,GND,inputs-09-10,3 logical contacts / 5 physical legs: duplicated pad mapping is OPEN
J10,PJ-313 5JCJ,2,RING,NO_CONNECT,inputs-09-10,3 logical contacts / 5 physical legs: duplicated pad mapping is OPEN
J10,PJ-313 5JCJ,3,TIP,CH10_IN,inputs-09-10,3 logical contacts / 5 physical legs: duplicated pad mapping is OPEN
R1001,1M,1,P1,CH10_IN,inputs-09-10,
R1001,1M,2,P2,CH10_BIAS,inputs-09-10,
R1002,200k,1,P1,+3V0_REF,inputs-09-10,
R1002,200k,2,P2,CH10_BIAS,inputs-09-10,
R1003,249k,1,P1,CH10_BIAS,inputs-09-10,
R1003,249k,2,P2,GND,inputs-09-10,
C1001,470pF,1,P1,CH10_BIAS,inputs-09-10,
C1001,470pF,2,P2,GND,inputs-09-10,
D10,"BAV199,215",1,ANODE_LOW,GND,inputs-09-10,
D10,"BAV199,215",2,CATHODE_HIGH,+3V3A,inputs-09-10,
D10,"BAV199,215",3,JUNCTION,CH10_BIAS,inputs-09-10,
R1004,4.7k,1,P1,CH10_BUF1,inputs-09-10,
R1004,4.7k,2,P2,CH10_LP2,inputs-09-10,
C1002,10nF,1,P1,CH10_LP2,inputs-09-10,
C1002,10nF,2,P2,GND,inputs-09-10,
TP10,testpoint,1,PAD,CH10_OUT,inputs-09-10,
U5,TLV9064IDR,4,VCC,+3V3A,inputs-09-10,
U5,TLV9064IDR,11,GND,GND,inputs-09-10,
U5,TLV9064IDR,1,OUT_A,CH09_BUF1,inputs-09-10,
U5,TLV9064IDR,2,IN_A_MINUS,CH09_BUF1,inputs-09-10,
U5,TLV9064IDR,3,IN_A_PLUS,CH09_BIAS,inputs-09-10,
U5,TLV9064IDR,5,IN_B_PLUS,CH09_LP2,inputs-09-10,
U5,TLV9064IDR,6,IN_B_MINUS,CH09_OUT,inputs-09-10,
U5,TLV9064IDR,7,OUT_B,CH09_OUT,inputs-09-10,
U5,TLV9064IDR,8,OUT_C,CH10_BUF1,inputs-09-10,
U5,TLV9064IDR,9,IN_C_MINUS,CH10_BUF1,inputs-09-10,
U5,TLV9064IDR,10,IN_C_PLUS,CH10_BIAS,inputs-09-10,
U5,TLV9064IDR,12,IN_D_PLUS,CH10_LP2,inputs-09-10,
U5,TLV9064IDR,13,IN_D_MINUS,CH10_OUT,inputs-09-10,
U5,TLV9064IDR,14,OUT_D,CH10_OUT,inputs-09-10,
C5,100nF,1,P1,+3V3A,inputs-09-10,
C5,100nF,2,P2,GND,inputs-09-10,
RV1,RK09L1140A5L,1,LOW,GND,controls-left,Endpoint direction must be checked on actual sample
RV1,RK09L1140A5L,2,WIPER,CH01_TIME_W,controls-left,Endpoint direction must be checked on actual sample
RV1,RK09L1140A5L,3,HIGH,+3V3A,controls-left,Endpoint direction must be checked on actual sample
R1111,1k,1,P1,CH01_TIME_W,controls-left,
R1111,1k,2,P2,CH01_TIME,controls-left,
C1111,100nF,1,P1,CH01_TIME,controls-left,
C1111,100nF,2,P2,GND,controls-left,
SW1,SS14MDP2,3,COMMON,CH01_RANGE_W,controls-left,Numeric terminals from NKK H46/H47 (G02 #6); pad geometry still OPEN pending a drawn footprint. L/H (1/4) panel direction OPEN pending layout.
SW1,SS14MDP2,1,THROW_LEFT,GND,controls-left,Numeric terminals from NKK H46/H47 (G02 #6); pad geometry still OPEN pending a drawn footprint. L/H (1/4) panel direction OPEN pending layout.
SW1,SS14MDP2,2,THROW_CENTER,RANGE_MID,controls-left,Numeric terminals from NKK H46/H47 (G02 #6); pad geometry still OPEN pending a drawn footprint. L/H (1/4) panel direction OPEN pending layout.
SW1,SS14MDP2,4,THROW_RIGHT,+3V3A,controls-left,Numeric terminals from NKK H46/H47 (G02 #6); pad geometry still OPEN pending a drawn footprint. L/H (1/4) panel direction OPEN pending layout.
R1112,1k,1,P1,CH01_RANGE_W,controls-left,
R1112,1k,2,P2,CH01_RANGE,controls-left,
C1112,100nF,1,P1,CH01_RANGE,controls-left,
C1112,100nF,2,P2,GND,controls-left,
RV2,RK09L1140A5L,1,LOW,GND,controls-left,Endpoint direction must be checked on actual sample
RV2,RK09L1140A5L,2,WIPER,CH02_TIME_W,controls-left,Endpoint direction must be checked on actual sample
RV2,RK09L1140A5L,3,HIGH,+3V3A,controls-left,Endpoint direction must be checked on actual sample
R1121,1k,1,P1,CH02_TIME_W,controls-left,
R1121,1k,2,P2,CH02_TIME,controls-left,
C1121,100nF,1,P1,CH02_TIME,controls-left,
C1121,100nF,2,P2,GND,controls-left,
SW2,SS14MDP2,3,COMMON,CH02_RANGE_W,controls-left,Numeric terminals from NKK H46/H47 (G02 #6); pad geometry still OPEN pending a drawn footprint. L/H (1/4) panel direction OPEN pending layout.
SW2,SS14MDP2,1,THROW_LEFT,GND,controls-left,Numeric terminals from NKK H46/H47 (G02 #6); pad geometry still OPEN pending a drawn footprint. L/H (1/4) panel direction OPEN pending layout.
SW2,SS14MDP2,2,THROW_CENTER,RANGE_MID,controls-left,Numeric terminals from NKK H46/H47 (G02 #6); pad geometry still OPEN pending a drawn footprint. L/H (1/4) panel direction OPEN pending layout.
SW2,SS14MDP2,4,THROW_RIGHT,+3V3A,controls-left,Numeric terminals from NKK H46/H47 (G02 #6); pad geometry still OPEN pending a drawn footprint. L/H (1/4) panel direction OPEN pending layout.
R1122,1k,1,P1,CH02_RANGE_W,controls-left,
R1122,1k,2,P2,CH02_RANGE,controls-left,
C1122,100nF,1,P1,CH02_RANGE,controls-left,
C1122,100nF,2,P2,GND,controls-left,
RV3,RK09L1140A5L,1,LOW,GND,controls-left,Endpoint direction must be checked on actual sample
RV3,RK09L1140A5L,2,WIPER,CH03_TIME_W,controls-left,Endpoint direction must be checked on actual sample
RV3,RK09L1140A5L,3,HIGH,+3V3A,controls-left,Endpoint direction must be checked on actual sample
R1131,1k,1,P1,CH03_TIME_W,controls-left,
R1131,1k,2,P2,CH03_TIME,controls-left,
C1131,100nF,1,P1,CH03_TIME,controls-left,
C1131,100nF,2,P2,GND,controls-left,
SW3,SS14MDP2,3,COMMON,CH03_RANGE_W,controls-left,Numeric terminals from NKK H46/H47 (G02 #6); pad geometry still OPEN pending a drawn footprint. L/H (1/4) panel direction OPEN pending layout.
SW3,SS14MDP2,1,THROW_LEFT,GND,controls-left,Numeric terminals from NKK H46/H47 (G02 #6); pad geometry still OPEN pending a drawn footprint. L/H (1/4) panel direction OPEN pending layout.
SW3,SS14MDP2,2,THROW_CENTER,RANGE_MID,controls-left,Numeric terminals from NKK H46/H47 (G02 #6); pad geometry still OPEN pending a drawn footprint. L/H (1/4) panel direction OPEN pending layout.
SW3,SS14MDP2,4,THROW_RIGHT,+3V3A,controls-left,Numeric terminals from NKK H46/H47 (G02 #6); pad geometry still OPEN pending a drawn footprint. L/H (1/4) panel direction OPEN pending layout.
R1132,1k,1,P1,CH03_RANGE_W,controls-left,
R1132,1k,2,P2,CH03_RANGE,controls-left,
C1132,100nF,1,P1,CH03_RANGE,controls-left,
C1132,100nF,2,P2,GND,controls-left,
RV4,RK09L1140A5L,1,LOW,GND,controls-left,Endpoint direction must be checked on actual sample
RV4,RK09L1140A5L,2,WIPER,CH04_TIME_W,controls-left,Endpoint direction must be checked on actual sample
RV4,RK09L1140A5L,3,HIGH,+3V3A,controls-left,Endpoint direction must be checked on actual sample
R1141,1k,1,P1,CH04_TIME_W,controls-left,
R1141,1k,2,P2,CH04_TIME,controls-left,
C1141,100nF,1,P1,CH04_TIME,controls-left,
C1141,100nF,2,P2,GND,controls-left,
SW4,SS14MDP2,3,COMMON,CH04_RANGE_W,controls-left,Numeric terminals from NKK H46/H47 (G02 #6); pad geometry still OPEN pending a drawn footprint. L/H (1/4) panel direction OPEN pending layout.
SW4,SS14MDP2,1,THROW_LEFT,GND,controls-left,Numeric terminals from NKK H46/H47 (G02 #6); pad geometry still OPEN pending a drawn footprint. L/H (1/4) panel direction OPEN pending layout.
SW4,SS14MDP2,2,THROW_CENTER,RANGE_MID,controls-left,Numeric terminals from NKK H46/H47 (G02 #6); pad geometry still OPEN pending a drawn footprint. L/H (1/4) panel direction OPEN pending layout.
SW4,SS14MDP2,4,THROW_RIGHT,+3V3A,controls-left,Numeric terminals from NKK H46/H47 (G02 #6); pad geometry still OPEN pending a drawn footprint. L/H (1/4) panel direction OPEN pending layout.
R1142,1k,1,P1,CH04_RANGE_W,controls-left,
R1142,1k,2,P2,CH04_RANGE,controls-left,
C1142,100nF,1,P1,CH04_RANGE,controls-left,
C1142,100nF,2,P2,GND,controls-left,
RV5,RK09L1140A5L,1,LOW,GND,controls-left,Endpoint direction must be checked on actual sample
RV5,RK09L1140A5L,2,WIPER,CH05_TIME_W,controls-left,Endpoint direction must be checked on actual sample
RV5,RK09L1140A5L,3,HIGH,+3V3A,controls-left,Endpoint direction must be checked on actual sample
R1151,1k,1,P1,CH05_TIME_W,controls-left,
R1151,1k,2,P2,CH05_TIME,controls-left,
C1151,100nF,1,P1,CH05_TIME,controls-left,
C1151,100nF,2,P2,GND,controls-left,
SW5,SS14MDP2,3,COMMON,CH05_RANGE_W,controls-left,Numeric terminals from NKK H46/H47 (G02 #6); pad geometry still OPEN pending a drawn footprint. L/H (1/4) panel direction OPEN pending layout.
SW5,SS14MDP2,1,THROW_LEFT,GND,controls-left,Numeric terminals from NKK H46/H47 (G02 #6); pad geometry still OPEN pending a drawn footprint. L/H (1/4) panel direction OPEN pending layout.
SW5,SS14MDP2,2,THROW_CENTER,RANGE_MID,controls-left,Numeric terminals from NKK H46/H47 (G02 #6); pad geometry still OPEN pending a drawn footprint. L/H (1/4) panel direction OPEN pending layout.
SW5,SS14MDP2,4,THROW_RIGHT,+3V3A,controls-left,Numeric terminals from NKK H46/H47 (G02 #6); pad geometry still OPEN pending a drawn footprint. L/H (1/4) panel direction OPEN pending layout.
R1152,1k,1,P1,CH05_RANGE_W,controls-left,
R1152,1k,2,P2,CH05_RANGE,controls-left,
C1152,100nF,1,P1,CH05_RANGE,controls-left,
C1152,100nF,2,P2,GND,controls-left,
RV6,RK09L1140A5L,1,LOW,GND,controls-right,Endpoint direction must be checked on actual sample
RV6,RK09L1140A5L,2,WIPER,CH06_TIME_W,controls-right,Endpoint direction must be checked on actual sample
RV6,RK09L1140A5L,3,HIGH,+3V3A,controls-right,Endpoint direction must be checked on actual sample
R1161,1k,1,P1,CH06_TIME_W,controls-right,
R1161,1k,2,P2,CH06_TIME,controls-right,
C1161,100nF,1,P1,CH06_TIME,controls-right,
C1161,100nF,2,P2,GND,controls-right,
SW6,SS14MDP2,3,COMMON,CH06_RANGE_W,controls-right,Numeric terminals from NKK H46/H47 (G02 #6); pad geometry still OPEN pending a drawn footprint. L/H (1/4) panel direction OPEN pending layout.
SW6,SS14MDP2,1,THROW_LEFT,GND,controls-right,Numeric terminals from NKK H46/H47 (G02 #6); pad geometry still OPEN pending a drawn footprint. L/H (1/4) panel direction OPEN pending layout.
SW6,SS14MDP2,2,THROW_CENTER,RANGE_MID,controls-right,Numeric terminals from NKK H46/H47 (G02 #6); pad geometry still OPEN pending a drawn footprint. L/H (1/4) panel direction OPEN pending layout.
SW6,SS14MDP2,4,THROW_RIGHT,+3V3A,controls-right,Numeric terminals from NKK H46/H47 (G02 #6); pad geometry still OPEN pending a drawn footprint. L/H (1/4) panel direction OPEN pending layout.
R1162,1k,1,P1,CH06_RANGE_W,controls-right,
R1162,1k,2,P2,CH06_RANGE,controls-right,
C1162,100nF,1,P1,CH06_RANGE,controls-right,
C1162,100nF,2,P2,GND,controls-right,
RV7,RK09L1140A5L,1,LOW,GND,controls-right,Endpoint direction must be checked on actual sample
RV7,RK09L1140A5L,2,WIPER,CH07_TIME_W,controls-right,Endpoint direction must be checked on actual sample
RV7,RK09L1140A5L,3,HIGH,+3V3A,controls-right,Endpoint direction must be checked on actual sample
R1171,1k,1,P1,CH07_TIME_W,controls-right,
R1171,1k,2,P2,CH07_TIME,controls-right,
C1171,100nF,1,P1,CH07_TIME,controls-right,
C1171,100nF,2,P2,GND,controls-right,
SW7,SS14MDP2,3,COMMON,CH07_RANGE_W,controls-right,Numeric terminals from NKK H46/H47 (G02 #6); pad geometry still OPEN pending a drawn footprint. L/H (1/4) panel direction OPEN pending layout.
SW7,SS14MDP2,1,THROW_LEFT,GND,controls-right,Numeric terminals from NKK H46/H47 (G02 #6); pad geometry still OPEN pending a drawn footprint. L/H (1/4) panel direction OPEN pending layout.
SW7,SS14MDP2,2,THROW_CENTER,RANGE_MID,controls-right,Numeric terminals from NKK H46/H47 (G02 #6); pad geometry still OPEN pending a drawn footprint. L/H (1/4) panel direction OPEN pending layout.
SW7,SS14MDP2,4,THROW_RIGHT,+3V3A,controls-right,Numeric terminals from NKK H46/H47 (G02 #6); pad geometry still OPEN pending a drawn footprint. L/H (1/4) panel direction OPEN pending layout.
R1172,1k,1,P1,CH07_RANGE_W,controls-right,
R1172,1k,2,P2,CH07_RANGE,controls-right,
C1172,100nF,1,P1,CH07_RANGE,controls-right,
C1172,100nF,2,P2,GND,controls-right,
RV8,RK09L1140A5L,1,LOW,GND,controls-right,Endpoint direction must be checked on actual sample
RV8,RK09L1140A5L,2,WIPER,CH08_TIME_W,controls-right,Endpoint direction must be checked on actual sample
RV8,RK09L1140A5L,3,HIGH,+3V3A,controls-right,Endpoint direction must be checked on actual sample
R1181,1k,1,P1,CH08_TIME_W,controls-right,
R1181,1k,2,P2,CH08_TIME,controls-right,
C1181,100nF,1,P1,CH08_TIME,controls-right,
C1181,100nF,2,P2,GND,controls-right,
SW8,SS14MDP2,3,COMMON,CH08_RANGE_W,controls-right,Numeric terminals from NKK H46/H47 (G02 #6); pad geometry still OPEN pending a drawn footprint. L/H (1/4) panel direction OPEN pending layout.
SW8,SS14MDP2,1,THROW_LEFT,GND,controls-right,Numeric terminals from NKK H46/H47 (G02 #6); pad geometry still OPEN pending a drawn footprint. L/H (1/4) panel direction OPEN pending layout.
SW8,SS14MDP2,2,THROW_CENTER,RANGE_MID,controls-right,Numeric terminals from NKK H46/H47 (G02 #6); pad geometry still OPEN pending a drawn footprint. L/H (1/4) panel direction OPEN pending layout.
SW8,SS14MDP2,4,THROW_RIGHT,+3V3A,controls-right,Numeric terminals from NKK H46/H47 (G02 #6); pad geometry still OPEN pending a drawn footprint. L/H (1/4) panel direction OPEN pending layout.
R1182,1k,1,P1,CH08_RANGE_W,controls-right,
R1182,1k,2,P2,CH08_RANGE,controls-right,
C1182,100nF,1,P1,CH08_RANGE,controls-right,
C1182,100nF,2,P2,GND,controls-right,
RV9,RK09L1140A5L,1,LOW,GND,controls-right,Endpoint direction must be checked on actual sample
RV9,RK09L1140A5L,2,WIPER,CH09_TIME_W,controls-right,Endpoint direction must be checked on actual sample
RV9,RK09L1140A5L,3,HIGH,+3V3A,controls-right,Endpoint direction must be checked on actual sample
R1191,1k,1,P1,CH09_TIME_W,controls-right,
R1191,1k,2,P2,CH09_TIME,controls-right,
C1191,100nF,1,P1,CH09_TIME,controls-right,
C1191,100nF,2,P2,GND,controls-right,
SW9,SS14MDP2,3,COMMON,CH09_RANGE_W,controls-right,Numeric terminals from NKK H46/H47 (G02 #6); pad geometry still OPEN pending a drawn footprint. L/H (1/4) panel direction OPEN pending layout.
SW9,SS14MDP2,1,THROW_LEFT,GND,controls-right,Numeric terminals from NKK H46/H47 (G02 #6); pad geometry still OPEN pending a drawn footprint. L/H (1/4) panel direction OPEN pending layout.
SW9,SS14MDP2,2,THROW_CENTER,RANGE_MID,controls-right,Numeric terminals from NKK H46/H47 (G02 #6); pad geometry still OPEN pending a drawn footprint. L/H (1/4) panel direction OPEN pending layout.
SW9,SS14MDP2,4,THROW_RIGHT,+3V3A,controls-right,Numeric terminals from NKK H46/H47 (G02 #6); pad geometry still OPEN pending a drawn footprint. L/H (1/4) panel direction OPEN pending layout.
R1192,1k,1,P1,CH09_RANGE_W,controls-right,
R1192,1k,2,P2,CH09_RANGE,controls-right,
C1192,100nF,1,P1,CH09_RANGE,controls-right,
C1192,100nF,2,P2,GND,controls-right,
RV10,RK09L1140A5L,1,LOW,GND,controls-right,Endpoint direction must be checked on actual sample
RV10,RK09L1140A5L,2,WIPER,CH10_TIME_W,controls-right,Endpoint direction must be checked on actual sample
RV10,RK09L1140A5L,3,HIGH,+3V3A,controls-right,Endpoint direction must be checked on actual sample
R1201,1k,1,P1,CH10_TIME_W,controls-right,
R1201,1k,2,P2,CH10_TIME,controls-right,
C1201,100nF,1,P1,CH10_TIME,controls-right,
C1201,100nF,2,P2,GND,controls-right,
SW10,SS14MDP2,3,COMMON,CH10_RANGE_W,controls-right,Numeric terminals from NKK H46/H47 (G02 #6); pad geometry still OPEN pending a drawn footprint. L/H (1/4) panel direction OPEN pending layout.
SW10,SS14MDP2,1,THROW_LEFT,GND,controls-right,Numeric terminals from NKK H46/H47 (G02 #6); pad geometry still OPEN pending a drawn footprint. L/H (1/4) panel direction OPEN pending layout.
SW10,SS14MDP2,2,THROW_CENTER,RANGE_MID,controls-right,Numeric terminals from NKK H46/H47 (G02 #6); pad geometry still OPEN pending a drawn footprint. L/H (1/4) panel direction OPEN pending layout.
SW10,SS14MDP2,4,THROW_RIGHT,+3V3A,controls-right,Numeric terminals from NKK H46/H47 (G02 #6); pad geometry still OPEN pending a drawn footprint. L/H (1/4) panel direction OPEN pending layout.
R1202,1k,1,P1,CH10_RANGE_W,controls-right,
R1202,1k,2,P2,CH10_RANGE,controls-right,
C1202,100nF,1,P1,CH10_RANGE,controls-right,
C1202,100nF,2,P2,GND,controls-right,
R40,10k,1,P1,+3V3A,controls-left,
R40,10k,2,P2,RANGE_MID,controls-left,
R41,10k,1,P1,RANGE_MID,controls-left,
R41,10k,2,P2,GND,controls-left,
SW11,TS-1088-AR02016,1,NO_CONTACT_1,HOLD_N,controls-right,Two contacts 1/2 from retained XUNPU drawing; independent footprint review required
SW11,TS-1088-AR02016,2,NO_CONTACT_2,GND,controls-right,Two contacts 1/2 from retained XUNPU drawing; independent footprint review required
R51,10k,1,P1,+3V3D,controls-right,
R51,10k,2,P2,HOLD_N,controls-right,
C51,100nF,1,P1,HOLD_N,controls-right,
C51,100nF,2,P2,GND,controls-right,
SW12,TS-1088-AR02016,1,NO_CONTACT_1,LINK_N,controls-right,Two contacts 1/2 from retained XUNPU drawing; independent footprint review required
SW12,TS-1088-AR02016,2,NO_CONTACT_2,GND,controls-right,Two contacts 1/2 from retained XUNPU drawing; independent footprint review required
R52,10k,1,P1,+3V3D,controls-right,
R52,10k,2,P2,LINK_N,controls-right,
C52,100nF,1,P1,LINK_N,controls-right,
C52,100nF,2,P2,GND,controls-right,
U7,"74HC4067PW,118",1,Z,MUX_OUT,acquisition,
U7,"74HC4067PW,118",2,Y7,CH08_OUT,acquisition,
U7,"74HC4067PW,118",3,Y6,CH07_OUT,acquisition,
U7,"74HC4067PW,118",4,Y5,CH06_OUT,acquisition,
U7,"74HC4067PW,118",5,Y4,CH05_OUT,acquisition,
U7,"74HC4067PW,118",6,Y3,CH04_OUT,acquisition,
U7,"74HC4067PW,118",7,Y2,CH03_OUT,acquisition,
U7,"74HC4067PW,118",8,Y1,CH02_OUT,acquisition,
U7,"74HC4067PW,118",9,Y0,CH01_OUT,acquisition,
U7,"74HC4067PW,118",10,S0,ADDR0,acquisition,
U7,"74HC4067PW,118",11,S1,ADDR1,acquisition,
U7,"74HC4067PW,118",12,GND,GND,acquisition,
U7,"74HC4067PW,118",13,S3,ADDR3,acquisition,
U7,"74HC4067PW,118",14,S2,ADDR2,acquisition,
U7,"74HC4067PW,118",15,E_N,MUX_DISABLE,acquisition,
U7,"74HC4067PW,118",16,Y15,+3V0_REF,acquisition,
U7,"74HC4067PW,118",17,Y14,GND,acquisition,
U7,"74HC4067PW,118",18,Y13,+3V0_REF,acquisition,
U7,"74HC4067PW,118",19,Y12,GND,acquisition,
U7,"74HC4067PW,118",20,Y11,+3V0_REF,acquisition,
U7,"74HC4067PW,118",21,Y10,GND,acquisition,
U7,"74HC4067PW,118",22,Y9,CH10_OUT,acquisition,
U7,"74HC4067PW,118",23,Y8,CH09_OUT,acquisition,
U7,"74HC4067PW,118",24,VCC,+3V3A,acquisition,
C7,100nF,1,P1,+3V3A,acquisition,
C7,100nF,2,P2,GND,acquisition,
U8,"74HC4067PW,118",1,Z,MUX_TIME,acquisition,
U8,"74HC4067PW,118",2,Y7,CH08_TIME,acquisition,
U8,"74HC4067PW,118",3,Y6,CH07_TIME,acquisition,
U8,"74HC4067PW,118",4,Y5,CH06_TIME,acquisition,
U8,"74HC4067PW,118",5,Y4,CH05_TIME,acquisition,
U8,"74HC4067PW,118",6,Y3,CH04_TIME,acquisition,
U8,"74HC4067PW,118",7,Y2,CH03_TIME,acquisition,
U8,"74HC4067PW,118",8,Y1,CH02_TIME,acquisition,
U8,"74HC4067PW,118",9,Y0,CH01_TIME,acquisition,
U8,"74HC4067PW,118",10,S0,ADDR0,acquisition,
U8,"74HC4067PW,118",11,S1,ADDR1,acquisition,
U8,"74HC4067PW,118",12,GND,GND,acquisition,
U8,"74HC4067PW,118",13,S3,ADDR3,acquisition,
U8,"74HC4067PW,118",14,S2,ADDR2,acquisition,
U8,"74HC4067PW,118",15,E_N,MUX_DISABLE,acquisition,
U8,"74HC4067PW,118",16,Y15,+3V0_REF,acquisition,
U8,"74HC4067PW,118",17,Y14,GND,acquisition,
U8,"74HC4067PW,118",18,Y13,+3V0_REF,acquisition,
U8,"74HC4067PW,118",19,Y12,GND,acquisition,
U8,"74HC4067PW,118",20,Y11,+3V0_REF,acquisition,
U8,"74HC4067PW,118",21,Y10,GND,acquisition,
U8,"74HC4067PW,118",22,Y9,CH10_TIME,acquisition,
U8,"74HC4067PW,118",23,Y8,CH09_TIME,acquisition,
U8,"74HC4067PW,118",24,VCC,+3V3A,acquisition,
C8,100nF,1,P1,+3V3A,acquisition,
C8,100nF,2,P2,GND,acquisition,
U9,"74HC4067PW,118",1,Z,MUX_RANGE,acquisition,
U9,"74HC4067PW,118",2,Y7,CH08_RANGE,acquisition,
U9,"74HC4067PW,118",3,Y6,CH07_RANGE,acquisition,
U9,"74HC4067PW,118",4,Y5,CH06_RANGE,acquisition,
U9,"74HC4067PW,118",5,Y4,CH05_RANGE,acquisition,
U9,"74HC4067PW,118",6,Y3,CH04_RANGE,acquisition,
U9,"74HC4067PW,118",7,Y2,CH03_RANGE,acquisition,
U9,"74HC4067PW,118",8,Y1,CH02_RANGE,acquisition,
U9,"74HC4067PW,118",9,Y0,CH01_RANGE,acquisition,
U9,"74HC4067PW,118",10,S0,ADDR0,acquisition,
U9,"74HC4067PW,118",11,S1,ADDR1,acquisition,
U9,"74HC4067PW,118",12,GND,GND,acquisition,
U9,"74HC4067PW,118",13,S3,ADDR3,acquisition,
U9,"74HC4067PW,118",14,S2,ADDR2,acquisition,
U9,"74HC4067PW,118",15,E_N,MUX_DISABLE,acquisition,
U9,"74HC4067PW,118",16,Y15,+3V0_REF,acquisition,
U9,"74HC4067PW,118",17,Y14,GND,acquisition,
U9,"74HC4067PW,118",18,Y13,+3V0_REF,acquisition,
U9,"74HC4067PW,118",19,Y12,GND,acquisition,
U9,"74HC4067PW,118",20,Y11,+3V0_REF,acquisition,
U9,"74HC4067PW,118",21,Y10,GND,acquisition,
U9,"74HC4067PW,118",22,Y9,CH10_RANGE,acquisition,
U9,"74HC4067PW,118",23,Y8,CH09_RANGE,acquisition,
U9,"74HC4067PW,118",24,VCC,+3V3A,acquisition,
C9,100nF,1,P1,+3V3A,acquisition,
C9,100nF,2,P2,GND,acquisition,
U6,TLV9064IDR,1,OUT_A,ADC_DRV0,acquisition,
U6,TLV9064IDR,2,IN_A_MINUS,ADC_DRV0,acquisition,
U6,TLV9064IDR,3,IN_A_PLUS,MUX_OUT,acquisition,
U6,TLV9064IDR,4,VCC,+3V3A,acquisition,
U6,TLV9064IDR,5,IN_B_PLUS,MUX_TIME,acquisition,
U6,TLV9064IDR,6,IN_B_MINUS,ADC_DRV1,acquisition,
U6,TLV9064IDR,7,OUT_B,ADC_DRV1,acquisition,
U6,TLV9064IDR,8,OUT_C,ADC_DRV2,acquisition,
U6,TLV9064IDR,9,IN_C_MINUS,ADC_DRV2,acquisition,
U6,TLV9064IDR,10,IN_C_PLUS,MUX_RANGE,acquisition,
U6,TLV9064IDR,11,GND,GND,acquisition,
U6,TLV9064IDR,12,IN_D_PLUS,REF_RAW,acquisition,
U6,TLV9064IDR,13,IN_D_MINUS,+3V0_REF,acquisition,
U6,TLV9064IDR,14,OUT_D,+3V0_REF,acquisition,
C6,100nF,1,P1,+3V3A,acquisition,
C6,100nF,2,P2,GND,acquisition,
R20,100,1,P1,ADC_DRV0,acquisition,
R20,100,2,P2,ADC0,acquisition,
C20,1nF,1,P1,ADC0,acquisition,
C20,1nF,2,P2,GND,acquisition,
TP20,testpoint,1,PAD,ADC0,acquisition,
R21,100,1,P1,ADC_DRV1,acquisition,
R21,100,2,P2,ADC1,acquisition,
C21,1nF,1,P1,ADC1,acquisition,
C21,1nF,2,P2,GND,acquisition,
TP21,testpoint,1,PAD,ADC1,acquisition,
R22,100,1,P1,ADC_DRV2,acquisition,
R22,100,2,P2,ADC2,acquisition,
C22,1nF,1,P1,ADC2,acquisition,
C22,1nF,2,P2,GND,acquisition,
TP22,testpoint,1,PAD,ADC2,acquisition,
J20,socket20,1,CONTACT,HOLD_N,module-interfaces,Left Pico H socket: pin 1 = Pico pin 1
J20,socket20,2,CONTACT,LINK_N,module-interfaces,Left Pico H socket: pin 1 = Pico pin 1
J20,socket20,3,CONTACT,GND,module-interfaces,Left Pico H socket: pin 1 = Pico pin 1
J20,socket20,4,CONTACT,ADDR0_SRC,module-interfaces,Left Pico H socket: pin 1 = Pico pin 1
J20,socket20,5,CONTACT,ADDR1_SRC,module-interfaces,Left Pico H socket: pin 1 = Pico pin 1
J20,socket20,6,CONTACT,ADDR2_SRC,module-interfaces,Left Pico H socket: pin 1 = Pico pin 1
J20,socket20,7,CONTACT,ADDR3_SRC,module-interfaces,Left Pico H socket: pin 1 = Pico pin 1
J20,socket20,8,CONTACT,GND,module-interfaces,Left Pico H socket: pin 1 = Pico pin 1
J20,socket20,9,CONTACT,NO_CONNECT,module-interfaces,Left Pico H socket: pin 1 = Pico pin 1
J20,socket20,10,CONTACT,MUX_DISABLE,module-interfaces,Left Pico H socket: pin 1 = Pico pin 1
J20,socket20,11,CONTACT,LCD_DC_SRC,module-interfaces,Left Pico H socket: pin 1 = Pico pin 1
J20,socket20,12,CONTACT,LCD_CS_SRC,module-interfaces,Left Pico H socket: pin 1 = Pico pin 1
J20,socket20,13,CONTACT,GND,module-interfaces,Left Pico H socket: pin 1 = Pico pin 1
J20,socket20,14,CONTACT,LCD_CLK_SRC,module-interfaces,Left Pico H socket: pin 1 = Pico pin 1
J20,socket20,15,CONTACT,LCD_MOSI_SRC,module-interfaces,Left Pico H socket: pin 1 = Pico pin 1
J20,socket20,16,CONTACT,LCD_MISO,module-interfaces,Left Pico H socket: pin 1 = Pico pin 1
J20,socket20,17,CONTACT,LCD_BL_SRC,module-interfaces,Left Pico H socket: pin 1 = Pico pin 1
J20,socket20,18,CONTACT,GND,module-interfaces,Left Pico H socket: pin 1 = Pico pin 1
J20,socket20,19,CONTACT,TIMING_TP,module-interfaces,Left Pico H socket: pin 1 = Pico pin 1
J20,socket20,20,CONTACT,LCD_RST_SRC,module-interfaces,Left Pico H socket: pin 1 = Pico pin 1
J21,socket20,1,CONTACT,VBUS_USB,module-interfaces,Right Pico H socket: pin 1 = Pico pin 40; do not mirror blindly
J21,socket20,2,CONTACT,NO_CONNECT,module-interfaces,Right Pico H socket: pin 1 = Pico pin 40; do not mirror blindly
J21,socket20,3,CONTACT,GND,module-interfaces,Right Pico H socket: pin 1 = Pico pin 40; do not mirror blindly
J21,socket20,4,CONTACT,NO_CONNECT,module-interfaces,Right Pico H socket: pin 1 = Pico pin 40; do not mirror blindly
J21,socket20,5,CONTACT,+3V3D,module-interfaces,Right Pico H socket: pin 1 = Pico pin 40; do not mirror blindly
J21,socket20,6,CONTACT,NO_CONNECT,module-interfaces,Right Pico H socket: pin 1 = Pico pin 40; do not mirror blindly
J21,socket20,7,CONTACT,ADC2,module-interfaces,Right Pico H socket: pin 1 = Pico pin 40; do not mirror blindly
J21,socket20,8,CONTACT,GND,module-interfaces,Right Pico H socket: pin 1 = Pico pin 40; do not mirror blindly
J21,socket20,9,CONTACT,ADC1,module-interfaces,Right Pico H socket: pin 1 = Pico pin 40; do not mirror blindly
J21,socket20,10,CONTACT,ADC0,module-interfaces,Right Pico H socket: pin 1 = Pico pin 40; do not mirror blindly
J21,socket20,11,CONTACT,NO_CONNECT,module-interfaces,Right Pico H socket: pin 1 = Pico pin 40; do not mirror blindly
J21,socket20,12,CONTACT,SD_CS_N,module-interfaces,Right Pico H socket: pin 1 = Pico pin 40; do not mirror blindly
J21,socket20,13,CONTACT,GND,module-interfaces,Right Pico H socket: pin 1 = Pico pin 40; do not mirror blindly
J21,socket20,14,CONTACT,NO_CONNECT,module-interfaces,Right Pico H socket: pin 1 = Pico pin 40; do not mirror blindly
J21,socket20,15,CONTACT,NO_CONNECT,module-interfaces,Right Pico H socket: pin 1 = Pico pin 40; do not mirror blindly
J21,socket20,16,CONTACT,NO_CONNECT,module-interfaces,Right Pico H socket: pin 1 = Pico pin 40; do not mirror blindly
J21,socket20,17,CONTACT,NO_CONNECT,module-interfaces,Right Pico H socket: pin 1 = Pico pin 40; do not mirror blindly
J21,socket20,18,CONTACT,GND,module-interfaces,Right Pico H socket: pin 1 = Pico pin 40; do not mirror blindly
J21,socket20,19,CONTACT,NO_CONNECT,module-interfaces,Right Pico H socket: pin 1 = Pico pin 40; do not mirror blindly
J21,socket20,20,CONTACT,TP_CS_N,module-interfaces,Right Pico H socket: pin 1 = Pico pin 40; do not mirror blindly
J30,header20,1,CONTACT,NO_CONNECT,module-interfaces,"Display left header: pin 1 = Pico position 1. Keep pos 4 (module SRAM_CS, PSRAM CE w/ 10k pull-up), pos 7 (module SDIO_CLK via H6 jumper) and pos 19 (module GPIO14 -> R14 NC -> 3V3 LDO EN) unconnected: carrier uses GP2/GP5/GP14 for mux address/timing. LCD_BL (pos 17) has module 10k pull-up to VSYS. G01 OPEN pending physical strap check."
J30,header20,2,CONTACT,NO_CONNECT,module-interfaces,"Display left header: pin 1 = Pico position 1. Keep pos 4 (module SRAM_CS, PSRAM CE w/ 10k pull-up), pos 7 (module SDIO_CLK via H6 jumper) and pos 19 (module GPIO14 -> R14 NC -> 3V3 LDO EN) unconnected: carrier uses GP2/GP5/GP14 for mux address/timing. LCD_BL (pos 17) has module 10k pull-up to VSYS. G01 OPEN pending physical strap check."
J30,header20,3,CONTACT,GND,module-interfaces,"Display left header: pin 1 = Pico position 1. Keep pos 4 (module SRAM_CS, PSRAM CE w/ 10k pull-up), pos 7 (module SDIO_CLK via H6 jumper) and pos 19 (module GPIO14 -> R14 NC -> 3V3 LDO EN) unconnected: carrier uses GP2/GP5/GP14 for mux address/timing. LCD_BL (pos 17) has module 10k pull-up to VSYS. G01 OPEN pending physical strap check."
J30,header20,4,CONTACT,NO_CONNECT,module-interfaces,"Display left header: pin 1 = Pico position 1. Keep pos 4 (module SRAM_CS, PSRAM CE w/ 10k pull-up), pos 7 (module SDIO_CLK via H6 jumper) and pos 19 (module GPIO14 -> R14 NC -> 3V3 LDO EN) unconnected: carrier uses GP2/GP5/GP14 for mux address/timing. LCD_BL (pos 17) has module 10k pull-up to VSYS. G01 OPEN pending physical strap check."
J30,header20,5,CONTACT,NO_CONNECT,module-interfaces,"Display left header: pin 1 = Pico position 1. Keep pos 4 (module SRAM_CS, PSRAM CE w/ 10k pull-up), pos 7 (module SDIO_CLK via H6 jumper) and pos 19 (module GPIO14 -> R14 NC -> 3V3 LDO EN) unconnected: carrier uses GP2/GP5/GP14 for mux address/timing. LCD_BL (pos 17) has module 10k pull-up to VSYS. G01 OPEN pending physical strap check."
J30,header20,6,CONTACT,NO_CONNECT,module-interfaces,"Display left header: pin 1 = Pico position 1. Keep pos 4 (module SRAM_CS, PSRAM CE w/ 10k pull-up), pos 7 (module SDIO_CLK via H6 jumper) and pos 19 (module GPIO14 -> R14 NC -> 3V3 LDO EN) unconnected: carrier uses GP2/GP5/GP14 for mux address/timing. LCD_BL (pos 17) has module 10k pull-up to VSYS. G01 OPEN pending physical strap check."
J30,header20,7,CONTACT,NO_CONNECT,module-interfaces,"Display left header: pin 1 = Pico position 1. Keep pos 4 (module SRAM_CS, PSRAM CE w/ 10k pull-up), pos 7 (module SDIO_CLK via H6 jumper) and pos 19 (module GPIO14 -> R14 NC -> 3V3 LDO EN) unconnected: carrier uses GP2/GP5/GP14 for mux address/timing. LCD_BL (pos 17) has module 10k pull-up to VSYS. G01 OPEN pending physical strap check."
J30,header20,8,CONTACT,GND,module-interfaces,"Display left header: pin 1 = Pico position 1. Keep pos 4 (module SRAM_CS, PSRAM CE w/ 10k pull-up), pos 7 (module SDIO_CLK via H6 jumper) and pos 19 (module GPIO14 -> R14 NC -> 3V3 LDO EN) unconnected: carrier uses GP2/GP5/GP14 for mux address/timing. LCD_BL (pos 17) has module 10k pull-up to VSYS. G01 OPEN pending physical strap check."
J30,header20,9,CONTACT,NO_CONNECT,module-interfaces,"Display left header: pin 1 = Pico position 1. Keep pos 4 (module SRAM_CS, PSRAM CE w/ 10k pull-up), pos 7 (module SDIO_CLK via H6 jumper) and pos 19 (module GPIO14 -> R14 NC -> 3V3 LDO EN) unconnected: carrier uses GP2/GP5/GP14 for mux address/timing. LCD_BL (pos 17) has module 10k pull-up to VSYS. G01 OPEN pending physical strap check."
J30,header20,10,CONTACT,NO_CONNECT,module-interfaces,"Display left header: pin 1 = Pico position 1. Keep pos 4 (module SRAM_CS, PSRAM CE w/ 10k pull-up), pos 7 (module SDIO_CLK via H6 jumper) and pos 19 (module GPIO14 -> R14 NC -> 3V3 LDO EN) unconnected: carrier uses GP2/GP5/GP14 for mux address/timing. LCD_BL (pos 17) has module 10k pull-up to VSYS. G01 OPEN pending physical strap check."
J30,header20,11,CONTACT,LCD_DC,module-interfaces,"Display left header: pin 1 = Pico position 1. Keep pos 4 (module SRAM_CS, PSRAM CE w/ 10k pull-up), pos 7 (module SDIO_CLK via H6 jumper) and pos 19 (module GPIO14 -> R14 NC -> 3V3 LDO EN) unconnected: carrier uses GP2/GP5/GP14 for mux address/timing. LCD_BL (pos 17) has module 10k pull-up to VSYS. G01 OPEN pending physical strap check."
J30,header20,12,CONTACT,LCD_CS,module-interfaces,"Display left header: pin 1 = Pico position 1. Keep pos 4 (module SRAM_CS, PSRAM CE w/ 10k pull-up), pos 7 (module SDIO_CLK via H6 jumper) and pos 19 (module GPIO14 -> R14 NC -> 3V3 LDO EN) unconnected: carrier uses GP2/GP5/GP14 for mux address/timing. LCD_BL (pos 17) has module 10k pull-up to VSYS. G01 OPEN pending physical strap check."
J30,header20,13,CONTACT,GND,module-interfaces,"Display left header: pin 1 = Pico position 1. Keep pos 4 (module SRAM_CS, PSRAM CE w/ 10k pull-up), pos 7 (module SDIO_CLK via H6 jumper) and pos 19 (module GPIO14 -> R14 NC -> 3V3 LDO EN) unconnected: carrier uses GP2/GP5/GP14 for mux address/timing. LCD_BL (pos 17) has module 10k pull-up to VSYS. G01 OPEN pending physical strap check."
J30,header20,14,CONTACT,LCD_CLK,module-interfaces,"Display left header: pin 1 = Pico position 1. Keep pos 4 (module SRAM_CS, PSRAM CE w/ 10k pull-up), pos 7 (module SDIO_CLK via H6 jumper) and pos 19 (module GPIO14 -> R14 NC -> 3V3 LDO EN) unconnected: carrier uses GP2/GP5/GP14 for mux address/timing. LCD_BL (pos 17) has module 10k pull-up to VSYS. G01 OPEN pending physical strap check."
J30,header20,15,CONTACT,LCD_MOSI,module-interfaces,"Display left header: pin 1 = Pico position 1. Keep pos 4 (module SRAM_CS, PSRAM CE w/ 10k pull-up), pos 7 (module SDIO_CLK via H6 jumper) and pos 19 (module GPIO14 -> R14 NC -> 3V3 LDO EN) unconnected: carrier uses GP2/GP5/GP14 for mux address/timing. LCD_BL (pos 17) has module 10k pull-up to VSYS. G01 OPEN pending physical strap check."
J30,header20,16,CONTACT,LCD_MISO,module-interfaces,"Display left header: pin 1 = Pico position 1. Keep pos 4 (module SRAM_CS, PSRAM CE w/ 10k pull-up), pos 7 (module SDIO_CLK via H6 jumper) and pos 19 (module GPIO14 -> R14 NC -> 3V3 LDO EN) unconnected: carrier uses GP2/GP5/GP14 for mux address/timing. LCD_BL (pos 17) has module 10k pull-up to VSYS. G01 OPEN pending physical strap check."
J30,header20,17,CONTACT,LCD_BL,module-interfaces,"Display left header: pin 1 = Pico position 1. Keep pos 4 (module SRAM_CS, PSRAM CE w/ 10k pull-up), pos 7 (module SDIO_CLK via H6 jumper) and pos 19 (module GPIO14 -> R14 NC -> 3V3 LDO EN) unconnected: carrier uses GP2/GP5/GP14 for mux address/timing. LCD_BL (pos 17) has module 10k pull-up to VSYS. G01 OPEN pending physical strap check."
J30,header20,18,CONTACT,GND,module-interfaces,"Display left header: pin 1 = Pico position 1. Keep pos 4 (module SRAM_CS, PSRAM CE w/ 10k pull-up), pos 7 (module SDIO_CLK via H6 jumper) and pos 19 (module GPIO14 -> R14 NC -> 3V3 LDO EN) unconnected: carrier uses GP2/GP5/GP14 for mux address/timing. LCD_BL (pos 17) has module 10k pull-up to VSYS. G01 OPEN pending physical strap check."
J30,header20,19,CONTACT,NO_CONNECT,module-interfaces,"Display left header: pin 1 = Pico position 1. Keep pos 4 (module SRAM_CS, PSRAM CE w/ 10k pull-up), pos 7 (module SDIO_CLK via H6 jumper) and pos 19 (module GPIO14 -> R14 NC -> 3V3 LDO EN) unconnected: carrier uses GP2/GP5/GP14 for mux address/timing. LCD_BL (pos 17) has module 10k pull-up to VSYS. G01 OPEN pending physical strap check."
J30,header20,20,CONTACT,LCD_RST,module-interfaces,"Display left header: pin 1 = Pico position 1. Keep pos 4 (module SRAM_CS, PSRAM CE w/ 10k pull-up), pos 7 (module SDIO_CLK via H6 jumper) and pos 19 (module GPIO14 -> R14 NC -> 3V3 LDO EN) unconnected: carrier uses GP2/GP5/GP14 for mux address/timing. LCD_BL (pos 17) has module 10k pull-up to VSYS. G01 OPEN pending physical strap check."
J31,header20,1,CONTACT,NO_CONNECT,module-interfaces,"Display right header: pin 1 = Pico position 40. Pin 2 (pos 39 VSYS) is the module's only 5 V entry (no diode; feeds RT9193-33 3V3 LDO and backlight regulator). Pos 40 VBUS, 36 Pico3V3 (R15 NC), 37 3V3_EN (R12 NC), 35 ADC_VREF unused by module; keep isolated so no strap variant can cause regulator contention. G01 OPEN pending physical strap check."
J31,header20,2,CONTACT,+5V_FUSED,module-interfaces,"Display right header: pin 1 = Pico position 40. Pin 2 (pos 39 VSYS) is the module's only 5 V entry (no diode; feeds RT9193-33 3V3 LDO and backlight regulator). Pos 40 VBUS, 36 Pico3V3 (R15 NC), 37 3V3_EN (R12 NC), 35 ADC_VREF unused by module; keep isolated so no strap variant can cause regulator contention. G01 OPEN pending physical strap check."
J31,header20,3,CONTACT,GND,module-interfaces,"Display right header: pin 1 = Pico position 40. Pin 2 (pos 39 VSYS) is the module's only 5 V entry (no diode; feeds RT9193-33 3V3 LDO and backlight regulator). Pos 40 VBUS, 36 Pico3V3 (R15 NC), 37 3V3_EN (R12 NC), 35 ADC_VREF unused by module; keep isolated so no strap variant can cause regulator contention. G01 OPEN pending physical strap check."
J31,header20,4,CONTACT,NO_CONNECT,module-interfaces,"Display right header: pin 1 = Pico position 40. Pin 2 (pos 39 VSYS) is the module's only 5 V entry (no diode; feeds RT9193-33 3V3 LDO and backlight regulator). Pos 40 VBUS, 36 Pico3V3 (R15 NC), 37 3V3_EN (R12 NC), 35 ADC_VREF unused by module; keep isolated so no strap variant can cause regulator contention. G01 OPEN pending physical strap check."
J31,header20,5,CONTACT,NO_CONNECT,module-interfaces,"Display right header: pin 1 = Pico position 40. Pin 2 (pos 39 VSYS) is the module's only 5 V entry (no diode; feeds RT9193-33 3V3 LDO and backlight regulator). Pos 40 VBUS, 36 Pico3V3 (R15 NC), 37 3V3_EN (R12 NC), 35 ADC_VREF unused by module; keep isolated so no strap variant can cause regulator contention. G01 OPEN pending physical strap check."
J31,header20,6,CONTACT,NO_CONNECT,module-interfaces,"Display right header: pin 1 = Pico position 40. Pin 2 (pos 39 VSYS) is the module's only 5 V entry (no diode; feeds RT9193-33 3V3 LDO and backlight regulator). Pos 40 VBUS, 36 Pico3V3 (R15 NC), 37 3V3_EN (R12 NC), 35 ADC_VREF unused by module; keep isolated so no strap variant can cause regulator contention. G01 OPEN pending physical strap check."
J31,header20,7,CONTACT,NO_CONNECT,module-interfaces,"Display right header: pin 1 = Pico position 40. Pin 2 (pos 39 VSYS) is the module's only 5 V entry (no diode; feeds RT9193-33 3V3 LDO and backlight regulator). Pos 40 VBUS, 36 Pico3V3 (R15 NC), 37 3V3_EN (R12 NC), 35 ADC_VREF unused by module; keep isolated so no strap variant can cause regulator contention. G01 OPEN pending physical strap check."
J31,header20,8,CONTACT,GND,module-interfaces,"Display right header: pin 1 = Pico position 40. Pin 2 (pos 39 VSYS) is the module's only 5 V entry (no diode; feeds RT9193-33 3V3 LDO and backlight regulator). Pos 40 VBUS, 36 Pico3V3 (R15 NC), 37 3V3_EN (R12 NC), 35 ADC_VREF unused by module; keep isolated so no strap variant can cause regulator contention. G01 OPEN pending physical strap check."
J31,header20,9,CONTACT,NO_CONNECT,module-interfaces,"Display right header: pin 1 = Pico position 40. Pin 2 (pos 39 VSYS) is the module's only 5 V entry (no diode; feeds RT9193-33 3V3 LDO and backlight regulator). Pos 40 VBUS, 36 Pico3V3 (R15 NC), 37 3V3_EN (R12 NC), 35 ADC_VREF unused by module; keep isolated so no strap variant can cause regulator contention. G01 OPEN pending physical strap check."
J31,header20,10,CONTACT,NO_CONNECT,module-interfaces,"Display right header: pin 1 = Pico position 40. Pin 2 (pos 39 VSYS) is the module's only 5 V entry (no diode; feeds RT9193-33 3V3 LDO and backlight regulator). Pos 40 VBUS, 36 Pico3V3 (R15 NC), 37 3V3_EN (R12 NC), 35 ADC_VREF unused by module; keep isolated so no strap variant can cause regulator contention. G01 OPEN pending physical strap check."
J31,header20,11,CONTACT,NO_CONNECT,module-interfaces,"Display right header: pin 1 = Pico position 40. Pin 2 (pos 39 VSYS) is the module's only 5 V entry (no diode; feeds RT9193-33 3V3 LDO and backlight regulator). Pos 40 VBUS, 36 Pico3V3 (R15 NC), 37 3V3_EN (R12 NC), 35 ADC_VREF unused by module; keep isolated so no strap variant can cause regulator contention. G01 OPEN pending physical strap check."
J31,header20,12,CONTACT,SD_CS_N,module-interfaces,"Display right header: pin 1 = Pico position 40. Pin 2 (pos 39 VSYS) is the module's only 5 V entry (no diode; feeds RT9193-33 3V3 LDO and backlight regulator). Pos 40 VBUS, 36 Pico3V3 (R15 NC), 37 3V3_EN (R12 NC), 35 ADC_VREF unused by module; keep isolated so no strap variant can cause regulator contention. G01 OPEN pending physical strap check."
J31,header20,13,CONTACT,GND,module-interfaces,"Display right header: pin 1 = Pico position 40. Pin 2 (pos 39 VSYS) is the module's only 5 V entry (no diode; feeds RT9193-33 3V3 LDO and backlight regulator). Pos 40 VBUS, 36 Pico3V3 (R15 NC), 37 3V3_EN (R12 NC), 35 ADC_VREF unused by module; keep isolated so no strap variant can cause regulator contention. G01 OPEN pending physical strap check."
J31,header20,14,CONTACT,NO_CONNECT,module-interfaces,"Display right header: pin 1 = Pico position 40. Pin 2 (pos 39 VSYS) is the module's only 5 V entry (no diode; feeds RT9193-33 3V3 LDO and backlight regulator). Pos 40 VBUS, 36 Pico3V3 (R15 NC), 37 3V3_EN (R12 NC), 35 ADC_VREF unused by module; keep isolated so no strap variant can cause regulator contention. G01 OPEN pending physical strap check."
J31,header20,15,CONTACT,NO_CONNECT,module-interfaces,"Display right header: pin 1 = Pico position 40. Pin 2 (pos 39 VSYS) is the module's only 5 V entry (no diode; feeds RT9193-33 3V3 LDO and backlight regulator). Pos 40 VBUS, 36 Pico3V3 (R15 NC), 37 3V3_EN (R12 NC), 35 ADC_VREF unused by module; keep isolated so no strap variant can cause regulator contention. G01 OPEN pending physical strap check."
J31,header20,16,CONTACT,NO_CONNECT,module-interfaces,"Display right header: pin 1 = Pico position 40. Pin 2 (pos 39 VSYS) is the module's only 5 V entry (no diode; feeds RT9193-33 3V3 LDO and backlight regulator). Pos 40 VBUS, 36 Pico3V3 (R15 NC), 37 3V3_EN (R12 NC), 35 ADC_VREF unused by module; keep isolated so no strap variant can cause regulator contention. G01 OPEN pending physical strap check."
J31,header20,17,CONTACT,NO_CONNECT,module-interfaces,"Display right header: pin 1 = Pico position 40. Pin 2 (pos 39 VSYS) is the module's only 5 V entry (no diode; feeds RT9193-33 3V3 LDO and backlight regulator). Pos 40 VBUS, 36 Pico3V3 (R15 NC), 37 3V3_EN (R12 NC), 35 ADC_VREF unused by module; keep isolated so no strap variant can cause regulator contention. G01 OPEN pending physical strap check."
J31,header20,18,CONTACT,GND,module-interfaces,"Display right header: pin 1 = Pico position 40. Pin 2 (pos 39 VSYS) is the module's only 5 V entry (no diode; feeds RT9193-33 3V3 LDO and backlight regulator). Pos 40 VBUS, 36 Pico3V3 (R15 NC), 37 3V3_EN (R12 NC), 35 ADC_VREF unused by module; keep isolated so no strap variant can cause regulator contention. G01 OPEN pending physical strap check."
J31,header20,19,CONTACT,NO_CONNECT,module-interfaces,"Display right header: pin 1 = Pico position 40. Pin 2 (pos 39 VSYS) is the module's only 5 V entry (no diode; feeds RT9193-33 3V3 LDO and backlight regulator). Pos 40 VBUS, 36 Pico3V3 (R15 NC), 37 3V3_EN (R12 NC), 35 ADC_VREF unused by module; keep isolated so no strap variant can cause regulator contention. G01 OPEN pending physical strap check."
J31,header20,20,CONTACT,TP_CS_N,module-interfaces,"Display right header: pin 1 = Pico position 40. Pin 2 (pos 39 VSYS) is the module's only 5 V entry (no diode; feeds RT9193-33 3V3 LDO and backlight regulator). Pos 40 VBUS, 36 Pico3V3 (R15 NC), 37 3V3_EN (R12 NC), 35 ADC_VREF unused by module; keep isolated so no strap variant can cause regulator contention. G01 OPEN pending physical strap check."
R60,33,1,P1,LCD_DC_SRC,module-interfaces,
R60,33,2,P2,LCD_DC,module-interfaces,
R61,33,1,P1,LCD_CS_SRC,module-interfaces,
R61,33,2,P2,LCD_CS,module-interfaces,
R62,33,1,P1,LCD_CLK_SRC,module-interfaces,
R62,33,2,P2,LCD_CLK,module-interfaces,
R63,33,1,P1,LCD_MOSI_SRC,module-interfaces,
R63,33,2,P2,LCD_MOSI,module-interfaces,
R64,33,1,P1,LCD_BL_SRC,module-interfaces,"GP13 reaches only the Q1 gate network, never LCD_BL (#41)"
R64,33,2,P2,LCD_BL_GATE,module-interfaces,"GP13 reaches only the Q1 gate network, never LCD_BL (#41)"
R65,33,1,P1,LCD_RST_SRC,module-interfaces,
R65,33,2,P2,LCD_RST,module-interfaces,
R66,33,1,P1,ADDR0_SRC,module-interfaces,
R66,33,2,P2,ADDR0,module-interfaces,
R67,33,1,P1,ADDR1_SRC,module-interfaces,
R67,33,2,P2,ADDR1,module-interfaces,
R68,33,1,P1,ADDR2_SRC,module-interfaces,
R68,33,2,P2,ADDR2,module-interfaces,
R69,33,1,P1,ADDR3_SRC,module-interfaces,
R69,33,2,P2,ADDR3,module-interfaces,
R80,100k,1,P1,ADDR0,module-interfaces,
R80,100k,2,P2,GND,module-interfaces,
R81,100k,1,P1,ADDR1,module-interfaces,
R81,100k,2,P2,GND,module-interfaces,
R82,100k,1,P1,ADDR2,module-interfaces,
R82,100k,2,P2,GND,module-interfaces,
R83,100k,1,P1,ADDR3,module-interfaces,
R83,100k,2,P2,GND,module-interfaces,
R84,100k,1,P1,+3V3D,module-interfaces,
R84,100k,2,P2,LCD_CS,module-interfaces,
R85,100k,1,P1,+3V3D,module-interfaces,
R85,100k,2,P2,TP_CS_N,module-interfaces,
R86,100k,1,P1,+3V3D,module-interfaces,
R86,100k,2,P2,SD_CS_N,module-interfaces,
R87,100k,1,P1,+3V3A,module-interfaces,
R87,100k,2,P2,MUX_DISABLE,module-interfaces,
R88,100k,1,P1,LCD_BL_GATE,module-interfaces,"Q1 gate pull-down (was LCD_BL pull-down before #41): holds Q1 off, backlight ON, while GP13 is undriven"
R88,100k,2,P2,GND,module-interfaces,"Q1 gate pull-down (was LCD_BL pull-down before #41): holds Q1 off, backlight ON, while GP13 is undriven"
Q1,N-MOSFET LL (UNSELECTED),1,GATE,LCD_BL_GATE,module-interfaces,"Open-drain backlight stage (#41): drain on module LCD_BL/CAT1 EN (R16 10k to VSYS is the only pull-up), source GND. Generic logic-level N-MOSFET, exact part at G08. Backlight default ON; GP13 high = OFF."
Q1,N-MOSFET LL (UNSELECTED),2,SOURCE,GND,module-interfaces,"Open-drain backlight stage (#41): drain on module LCD_BL/CAT1 EN (R16 10k to VSYS is the only pull-up), source GND. Generic logic-level N-MOSFET, exact part at G08. Backlight default ON; GP13 high = OFF."
Q1,N-MOSFET LL (UNSELECTED),3,DRAIN,LCD_BL,module-interfaces,"Open-drain backlight stage (#41): drain on module LCD_BL/CAT1 EN (R16 10k to VSYS is the only pull-up), source GND. Generic logic-level N-MOSFET, exact part at G08. Backlight default ON; GP13 high = OFF."
TP30,testpoint,1,PAD,TIMING_TP,module-interfaces,
F1,1206L050YR,1,IN,VBUS_USB,power,Protection component identity pending; not an inrush/load-switch substitute
F1,1206L050YR,2,OUT,+5V_FUSED,power,Protection component identity pending; not an inrush/load-switch substitute
U10,TLV75533PDBVR,1,IN,+5V_FUSED,power,
U10,TLV75533PDBVR,2,GND,GND,power,
U10,TLV75533PDBVR,3,EN,+5V_FUSED,power,
U10,TLV75533PDBVR,4,NC,NO_CONNECT,power,
U10,TLV75533PDBVR,5,OUT,+3V3A,power,
U11,REF3330AIDBZR,1,IN,+3V3A,power,
U11,REF3330AIDBZR,2,OUT,REF_RAW,power,
U11,REF3330AIDBZR,3,GND,GND,power,
C30,1uF,1,P1,+5V_FUSED,power,
C30,1uF,2,P2,GND,power,
C31,1uF,1,P1,+3V3A,power,
C31,1uF,2,P2,GND,power,
C32,1uF,1,P1,REF_RAW,power,
C32,1uF,2,P2,GND,power,
C33,100nF,1,P1,+3V3A,power,
C33,100nF,2,P2,GND,power,
R30,1k,1,P1,+3V3A,power,"Intentional 3.3mA bleed; bound unpowered injection, still requires testing"
R30,1k,2,P2,GND,power,"Intentional 3.3mA bleed; bound unpowered injection, still requires testing"
TP40,testpoint,1,PAD,GND,power,
TP41,testpoint,1,PAD,VBUS_USB,power,
TP42,testpoint,1,PAD,+5V_FUSED,power,
TP43,testpoint,1,PAD,+3V3A,power,
TP44,testpoint,1,PAD,REF_RAW,power,
TP45,testpoint,1,PAD,+3V0_REF,power,
TP46,testpoint,1,PAD,+3V3D,power,
